,product_name,product_yield
0,高盛工银理财·盛景封闭固收美元产品198期(250777),3.1500%-3.4500%
1,高盛工银理财·盛景封闭固收美元产品197期(25776A),3.0000%-3.3000%
2,工银理财·如意人生鑫添益纯债对冲策略最短持有7天固收开放个人,1.0000%-2.0000%
3,工银理财·鑫得利固收封闭理财产品(教师节专享安鑫款25G2430A),1.5000%-1.7000%
4,工银理财·稳益固收类封闭理财产品(公益主题25G2440A),1.3000%
5,工银理财·核心优选目标止盈策略固收类封闭理财产品(25G5761A),1.9000%-2.1000%
6,工银理财·鑫悦中证1000看涨鲨鱼鳍策略固收封闭产品(25G6710A),1.0000%-2.9000%
7,招银理财招睿颐养丰润三个月封闭1号增强型固定收益类理财计划,4.33%
8,招银理财招睿颐养丰润十四个月封闭01号增强型固定收益类理财计划,3.30%
9,招银理财招睿智远(七夕)两年封闭1号增强型固收类理财计划,2.91%
10,招银理财招睿鑫鼎180天持有期7号固定收益类理财计划,3.57%
11,招银理财招睿和鼎高评级封闭2号固定收益类理财计划,2.89%
12,招银理财招睿鑫鼎14天持有期5号固定收益类理财计划,1.3000%-3.0000%
13,招银理财招睿鑫鼎（短债）7天持有期1号固定收益类理财计划,2.02%
14,招银理财招睿鑫鼎（中短债）90天持有期1号固定收益类理财计划,1.68%
15,招银理财招睿和鼎高评级封闭11号固定收益类理财计划,2.16%
16,招银理财招睿和鼎高评级封闭12号固收类理财计划（财富赢尊享）,2.69%
17,招银理财招睿和鼎高评级封闭12号固定收益类理财计划,2.65%
18,招银理财招睿和鼎高评级封闭21号固收类理财计划（财富赢尊享）,2.95%
19,招银理财招睿和鼎高评级封闭21号固定收益类理财计划,2.95%
20,招银理财招睿和鼎高评级封闭40号固定收益类理财计划（11540GH）,2.79%
21,招银理财招睿和鼎高评级封闭41号固定收益类理财计划（11541GH）,2.83%
22,招银理财招睿添金14天持有期1号固定收益类理财计划,4.55%
23,招银理财招睿和鼎高评级封闭352号固定收益类理财计划,1.56%
24,招银理财招睿和鼎高评级封闭355号固定收益类理财计划,1.56%
25,招银理财招睿和鼎高评级封闭356号固定收益类理财计划,1.77%
26,招银理财招睿颐养丰润封闭04号增强型固定收益类理财计划,2.87%
27,招银理财招睿颐养丰润封闭05号增强型固定收益类理财计划,3.10%
28,招银理财招睿颐养丰润封闭09号增强型固定收益类理财计划,3.74%
29,招银理财招睿颐养丰润封闭011号增强型固定收益类理财计划,2.96%
30,招银理财招睿颐养丰润封闭012号增强型固定收益类理财计划,3.43%
31,招银理财招睿颐养丰润封闭014号增强型固定收益类理财计划,2.66%
32,招银理财招睿添利30天持有期17号固定收益类理财计划,4.83%
33,招银理财招睿添利90天持有期17号固定收益类理财计划,1.4000%-3.0000%
34,招银理财招睿天添金稳健型2号固定收益类理财计划,2.24%
35,招银理财招睿月添利（双月）1号固定收益类理财计划,2.59%
36,招银理财招睿丰和（短债）14天持有期2号固定收益类理财计划,2.12%
37,招银理财招睿丰和（信用精选）60天持有期1号固定收益类理财计划,2.37%
38,招银理财招睿和鼎高评级日开1号固定收益类理财计划,2.06%
39,招银理财招睿和鼎高评级30天持有期1号固定收益类理财计划,2.20%
40,招银理财招睿金鼎封闭01号固定收益类理财计划,3.30%
41,招银理财招睿金鼎封闭10号固定收益类理财计划,2.97%
42,招银理财招睿金鼎封闭10号固定收益类理财计划（财富赢尊享）,3.09%
43,招银理财招睿金鼎封闭09号固定收益类理财计划,2.89%
44,招银理财招睿金鼎封闭14号固定收益类理财计划,3.01%
45,招银理财招睿金鼎封闭20号固定收益类理财计划,2.78%
46,工银理财·颐享鑫得利固收类1年定期开放式理财产品,3.42%
47,工银理财·颐享鑫得利量化策略联动固收类1年定开理财产品,2.65%
48,招银理财招睿金鼎封闭24号固定收益类理财计划,2.94%
49,招银理财招睿金鼎封闭37号固定收益类理财计划,3.27%
50,招银理财招睿金鼎封闭55号固定收益类理财计划,2.84%
51,工银理财·双周鑫添益固定收益类开放式理财产品（19GS2112）,2.94%
52,工银理财·添利宝私银尊享开放净值型理财产品,1.3873%
53,工银理财·天天鑫添益私银尊享中短债开放净值型理财产品,2.96%
54,工银理财·周周鑫添益私银尊享固收类开放净值型理财产品,3.00%
55,工银理财·鑫稳利私银尊享固定收益类1个月定期开放型理财产品,5.19%
56,工银理财·鑫稳利私银尊享固定收益类3个月定期开放型理财产品,3.12%
57,工银理财·鑫稳利私银尊享固定收益类1年定期开放型理财产品,3.80%
58,工银理财·颐合私银尊享固收类按月定开理财产品（第1期）,2.78%
59,工银理财·日升月恒量化定期开放净值型理财产品（三个月）,7.78%
60,工银理财·鑫尊利私银尊享混合半年定开净值理财产品（19HH3831）,6.49%
61,工银理财·日升月恒量化定期开放(7天）县域专享,4.54%
62,工银理财·添利宝安享现金管理类开放理财产品（20G2901B）,1.1619%
63,工银理财·添利宝安享现金管理类开放理财产品（20G2901D）,1.1632%
64,工银理财·鑫鼎利固收增强1个月定开1号产品（20GS2131）,3.02%
65,工银理财·鑫鼎利180天持盈固收增强开放式理财产品,3.99%
66,工银理财·鑫添益90天持盈固定收益类开放式理财产品,2.92%
67,工银理财·鑫鼎利固收增强6个月定开理财产品（20GS2813）,4.79%
68,工银理财·鑫鼎利私银尊享固收增强6个月定期开放净值型理财产品,4.90%
69,工银理财·鑫鼎利私银尊享固收增强6个月定开（20GS2816）,5.16%
70,工银理财·鑫鼎利私银尊享270天持盈固收增强产品（20GS2823）,4.14%
71,工银理财·鑫鼎利私银尊享固收增强18个月定期开放式理财产品1号,3.21%
72,工银理财·鑫尊利固收类3个月定开理财产品(20GS3116)(科创优选),9.64%
73,工银理财·核心优选固定收益类1年定期开放净值型产品20GS5116,3.17%
74,工银理财·核心优选720天持盈固定收益类开放式产品(20GS5155),11.59%
75,工银理财·核心优选900天持盈产品(20GS5156),16.73%
76,工银理财·智合多资产FOF900天持盈固定收益类产品（20GS5167）,12.26%
77,工银理财·颐合365天持盈固定收益类开放式理财产品(20GS5169),6.81%
78,工银理财·智合多资产FOF1080天持盈固定收益类产品（20GS5170）,7.04%
79,工银理财·智合多资产FOF720天持盈固定收益类产品（20GS5171）,12.74%
80,工银理财·智合多资产FOF固定收益类7天定开产品2号20GS5177,4.41%
81,工银理财·核心优选540天持盈固定收益类理财产品(20GS5178),12.62%
82,工银理财·颐合270天持盈固定收益类开放式理财产品（20GS5183）,4.39%
83,工银理财·颐合固定收益类1个月定期开放净值型产品（20GS5188）,3.26%
84,工银理财·智合多资产1个月定期开放产品（20GS5199）,7.00%
85,工银理财·核心优选私银尊享固收类6个月定开净值型产品20GS5813,3.32%
86,工银理财·智合私银尊享多资产FOF90天持盈产品（20GS5828）,7.37%
87,工银理财·颐合私银尊享365天持盈固定收益类开放式理财产品,3.56%
88,工银理财·日升月恒固收类7天定开净值型理财产品（20GS6120）,7.55%
89,工银理财·日升月恒固定收益类3个月定期开放净值型（20GS6122）,5.29%
90,工银理财·恒睿固定收益类3个月定开理财产品（20GS6125）,5.20%
91,工银理财·恒睿睿益固定收益类6个月定期开放式理财产品2号,4.35%
92,工银理财·恒睿睿益固定收益类1年定期开放式理财产品1号,3.91%
93,工银理财·恒睿沪深300指数挂钩固定收益类6个月定期开放理财产品,22.76%
94,工银理财·恒睿沪深300指数挂钩固收1年定开理财产品（20GS6151）,3.97%
95,工银理财·恒睿睿益私银尊享固定收益类1年定期开放式理财产品1号,2.23%
96,工银理财·两权其美混合3个月定开理财产品1号（科创优选）,8.73%
97,工银理财·两权其美混合类6个月定期开放式理财产品1号,8.51%
98,工银理财·两权其美混合类6个月定期开放式理财产品2号,6.35%
99,工银理财·两权其美混合类1年定期开放式理财产品1号（定增优选）,13.10%
100,工银理财·两权其美混合类1个月定期开放式理财产品1号,9.02%
101,工银理财·两权其美601天持盈混合类开放式理财产品,18.67%
102,工银理财·鑫尊利私银尊享混合1月定开净值理财产品（20HH3823）,9.13%
103,工银理财·智合多资产FOF540天持盈混合类产品（20HH5165）,9.70%
104,工银理财·智合多资产FOF720天持盈混合类产品（20HH5166）,11.21%
105,工银理财·智合多资产FOF900天持盈产品(20HH5167),12.41%
106,工银理财·智合多资产FOF1080天持盈混合类产品（20HH5168）,13.49%
107,工银理财·智合私银尊享多资产FOF720天持盈产品(20HH5896),15.60%
108,工银理财·智合私银尊享多资产FOF1080天持盈产品(20HH5898),12.61%
109,工银理财·恒睿科技创新混合类1年期定期开放式净值型理财产品,12.04%
110,工银理财·恒睿科技创新混合类1年定开净值型理财（20HH6123）,14.63%
111,工银理财·恒睿睿鑫混合类1年定期开放式理财产品1号,15.02%
112,工银理财·恒睿睿鑫混合类1年定期开放式理财产品2号,8.07%
113,工银理财·恒睿睿鑫混合类3个月定期开放式理财产品1号,5.27%
114,工银理财·恒睿睿鑫混合1年定开 首个封闭期2020.11.2-2022.10.31,2.93%
115,工银理财·恒睿睿鑫混合类1年定期开放式理财产品4号,8.02%
116,工银理财·恒睿睿鑫混合类1年定期开放式理财产品6号,5.22%
117,工银理财·恒睿睿鑫混合1年定开首个封闭期2021.1.4-2023.7.31,5.63%
118,工银理财·恒睿睿盈私银尊享90天持盈混合类开放式理财产品,17.64%
119,工银理财·恒睿私银尊享科技创新混合3个月定开净值型(20HH6824),14.93%
120,工银理财·恒睿睿盈私银尊享混合类1年定期开放式理财产品1号,2.65%
121,工银理财·恒睿睿盈私银尊享科技创新365天持盈混合类开放式理财,18.68%
122,工银理财·恒睿睿盈私银尊享科技创新60天持盈混合类开放式理财,17.47%
123,工银理财·恒睿睿盈私银尊享科技创新180天持盈混合类开放式理财,20.23%
124,工银理财·天天鑫添益固定收益类开放式理财产品（21G2637D）,1.63%
125,工银理财·如意人生核心优选最短90天固收开放个人养老金理财产品,4.08%
126,工银理财·核心优选最短持有30天固收类开放式个人养老金理财产品,3.82%
127,工银理财·核心优选最短持有60天固收类开放理财产品,1.89%
128,工银理财·鑫鼎利270天持盈固收增强开放式理财产品,3.61%
129,工银理财·鑫鼎利30天持盈固收增强开放式理财产品,9.17%
130,工银理财·鑫鼎利90天持盈固收增强开放式理财产品,3.09%
131,工银理财·鑫鼎利365天持盈固收增强开放式理财产品,3.83%
132,工银理财·鑫鼎利540天持盈固收增强开放式理财产品,4.15%
133,工银理财·鑫鼎利720天持盈固收增强开放式理财产品,3.42%
134,工银理财·鑫添益60天持盈固定收益类开放式理财产品,2.43%
135,工银理财·周周鑫添益固定收益类开放式理财产品（21GS2199）,2.66%
136,工银理财·天天鑫添益固定收益类开放式理财产品（21GS2637）,2.28%
137,工银理财·鑫添益7天持盈固定收益类开放式理财产品,2.42%
138,工银理财·鑫添益30天持盈固收增强开放式理财产品,4.89%
139,工银理财·鑫添益60天持盈固收增强开放式理财产品,2.96%
140,工银理财·鑫添益90天持盈固收增强开放式理财产品,3.16%
141,工银理财·鑫添益180天持盈固收增强开放式理财产品,2.50%
142,工银理财·鑫添益270天持盈固收增强开放式理财产品,2.79%
143,工银理财·鑫添益365天持盈固收增强开放式理财产品,2.97%
144,工银理财·鑫稳利固定收益类3个月定期开放式理财产品2号,2.54%
145,工银理财·添利宝鑫享净值型理财产品（21GS2699）,1.5014%
146,工银理财·鑫尊利固定收益类每周定期开放式理财产品2号,13.57%
147,工银理财·鑫尊利固定收益类每周定期开放式理财产品3号,7.61%
148,工银理财·鑫尊利固定收益类每周定期开放式理财产品1号,6.34%
149,工银理财·鑫尊利30天持盈固定收益类开放式理财产品,5.86%
150,工银理财·鑫尊利90天持盈固定收益类开放式理财产品,17.70%
151,工银理财·鑫尊利180天持盈固定收益类开放式理财产品,5.85%
152,工银理财·鑫尊利365天持盈固定收益类开放式理财产品,7.33%
153,工银理财·智合多资产FOF60天开放式理财产品（21GS5141）,6.97%
154,工银理财·智合多资产FOF最短持有60天固收开放产品（21GS5144）,8.48%
155,工银理财·颐合30天持盈固定收益类开放式理财产品,6.95%
156,工银理财·核心优选180天持盈固定收益类开放式净值型理财产品,7.63%
157,工银理财·核心优选365天持盈固收开放净值型理财产品(21GS5198),3.85%
158,工银理财·如意人生核心优选30天持盈固定收益类开放式理财产品,2.54%
159,工银理财·如意人生核心优选180天持盈固收类开放产品(21GS5358),3.17%
160,工银理财·如意人生核心优选90天持盈固定收益类开放式理财产品,2.76%
161,工银理财·如意人生颐合180天持盈固定收益类开放式理财产品,6.99%
162,工银理财·如意人生颐合270天持盈固定收益类开放式理财产品,14.91%
163,工银理财·如意人生颐合90天持盈固定收益类开放式理财产品,8.40%
164,工银理财·核心优选30天持盈固定收益类开放式理财产品(21GS5630),2.62%
165,工银理财·智合多资产FOF120天持盈固定收益类开放式理财产品,7.03%
166,工银理财·智合多资产FOF90天持盈固收增强开放产品（21GS5677）,4.55%
167,工银理财·智合多资产FOF90天持盈固定收益开放产品（21GS5678）,6.16%
168,工银理财·核心优选180天持盈固收类开放式理财产品(21GS5680),2.80%
169,工银理财·智合多资产FOF180天持盈固收增强开放产品（21GS5686）,5.35%
170,工银理财·核心优选14天持盈固定收益类开放式理财产品,2.57%
171,工银理财·核心优选120天持盈固定收益类开放式净值型理财产品,2.65%
172,工银理财·核心优选150天持盈固收类开放式净值型理财产品,2.82%
173,工银理财·恒睿日升月恒120天持盈固定收益类开放式理财产品,6.31%
174,工银理财·恒睿日升月恒300天持盈固定收益类开放式理财产品,12.94%
175,工银理财·恒睿睿益固定收益类双周定期开放式理财产品1号,3.87%
176,工银理财·恒睿日升月恒固定收益类7天定期开放式理财产品1号,8.85%
177,工银理财·恒睿日升月恒固定收益类双周定期开放式理财产品2号,4.11%
178,工银理财·恒睿日升月恒30天持盈固定收益类开放式理财产品,3.33%
179,工银理财·恒睿日升月恒60天持盈固定收益类开放式理财产品,6.76%
180,工银理财·恒睿日升月恒90天持盈固定收益类开放式理财产品,4.49%
181,工银理财·恒睿日升月恒180天持盈固定收益类开放式理财产品,12.79%
182,工银理财·恒睿日升月恒270天持盈固定收益类开放式理财产品,4.99%
183,工银理财·恒睿日升月恒365天持盈固定收益类开放式理财产品,5.31%
184,工银理财·恒睿日升月恒30天持盈固收增强开放式理财产品,4.93%
185,工银理财·恒睿日升月恒90天持盈固收增强开放式理财产品,3.55%
186,工银理财·恒睿日升月恒120天持盈固收增强开放式理财产品,3.95%
187,工银理财·恒睿日升月恒180天持盈固收增强开放式理财产品,5.61%
188,工银理财·恒睿日升月恒60天持盈固收增强开放式理财产品,6.05%
189,工银理财·恒睿日升月恒360天持盈固收增强开放式理财产品,6.07%
190,工银理财·两权其美最短持有764天混合类开放式理财产品,8.96%
191,工银理财·两权其美最短持有588天混合类开放式理财产品,7.87%
192,工银理财·两权其美482天持盈混合类开放式理财产品,17.42%
193,工银理财·两权其美最短持有518天混合类开放式理财产品,11.43%
194,工银理财·两权其美最短持有504天混合类开放式理财产品,14.64%
195,工银理财·两权其美最短持有449天混合类开放式理财产品1号,20.98%
196,工银理财·两权其美最短持有720天混合类开放式理财产品,7.42%
197,工银理财·两权其美最短持有628天混合类开放式理财产品,6.50%
198,工银理财·两权其美最短持有462天混合类开放式理财产品,14.49%
199,工银理财·两权其美混合类1年定期开放式理财产品2号,13.87%
200,工银理财·两权其美混合类6个月定期开放式理财产品3号,6.25%
201,工银理财·两权其美混合类1个月定期开放式理财产品2号,6.78%
202,工银理财·两权其美混合类双周定期开放式理财产品1号,4.62%
203,工银理财·两权其美90天持盈混合类开放式理财产品,17.23%
204,工银理财·两权其美180天持盈混合类开放式理财产品,20.53%
205,工银理财·两权其美365天持盈混合类开放式理财产品,15.78%
206,工银理财·两权其美最短持有574天混合类开放式理财产品,7.62%
207,工银理财·两权其美最短持有481天混合类开放式理财产品,27.31%
208,工银理财·两权其美最短持有582天混合类开放式理财产品,8.57%
209,工银理财·两权其美最短持有573天混合类开放式理财产品,21.40%
210,工银理财·两权其美最短持有557天混合类开放式理财产品,26.05%
211,工银理财·两权其美最短持有449天混合类开放式理财产品2号,8.72%
212,工银理财·两权其美30天持盈混合类开放式理财产品,8.47%
213,工银理财·智合多资产FOF最短持有500天混合类开放式理财产品,6.35%
214,工银理财·智合多资产FOF180天持盈混合类开放式理财产品,13.48%
215,工银理财·智合多资产FOF365天持盈混合类开放式理财产品,14.13%
216,工银理财·恒睿睿鑫最短持有180天混合类开放式理财产品,8.26%
217,工银理财·恒睿睿鑫最短持有540天混合类开放式理财产品,4.64%
218,工银理财·恒睿睿鑫混合类双周定期开放式理财产品1号,6.23%
219,工银理财·恒睿睿鑫60天持盈混合类开放式理财产品,9.42%
220,工银理财·恒睿睿鑫90天持盈混合类开放式理财产品,10.57%
221,工银理财·恒睿睿鑫180天持盈混合类开放式理财产品,14.75%
222,工银理财·恒睿睿鑫270天持盈混合类开放式理财产品,16.61%
223,工银理财·恒睿睿鑫最短持有365天混合类开放式理财产品,8.87%
224,工银理财·恒睿睿鑫120天持盈混合类开放式理财产品,8.30%
225,工银理财·天天鑫添益固定收益类开放式理财产品（22G2866B）,2.20%
226,工银理财·如意人生智合多资产FOF最短持有30天固收增强开放个人,3.69%
227,工银理财·周周鑫添益固定收益类开放式理财产品（广东专享）,2.58%
228,工银理财·旬旬鑫添益固定收益类开放式理财产品（浙江专享）,2.63%
229,工银理财·鑫添益7天持盈固收增强开放式理财产品,2.08%
230,工银理财·鑫添益14天持盈固收增强开放式理财产品,2.32%
231,工银理财·月月鑫添益固定收益类开放式理财产品（江苏专享）,2.78%
232,工银理财·鑫稳利固定收益类季度双开定期开放式理财产品1号,3.11%
233,工银理财·鑫稳利固定收益类3个月定期开放式理财产品4号,3.05%
234,工银理财·周周鑫添益固定收益类开放式理财产品（山东专享）,2.69%
235,工银理财·天天鑫添益同业存单及存款固定收益类开放式理财产品,1.59%
236,工银理财·鑫添益365天持盈固定收益类开放式理财产品,2.55%
237,工银理财·鑫添益21天持盈固定收益类开放式理财产品,2.31%
238,工银理财·鑫尊利30天持盈固收增强开放式理财产品,2.08%
239,工银理财·鑫尊利60天持盈固收增强开放式理财产品,2.18%
240,工银理财·鑫尊利90天持盈固收增强开放式理财产品,2.38%
241,工银理财·鑫尊利150天持盈固收增强开放式理财产品,2.76%
242,工银理财·鑫尊利180天持盈固收增强开放式理财产品,2.42%
243,工银理财·鑫尊利365天持盈固收增强开放式理财产品,2.96%
244,工银理财·鑫尊利60天持盈固定收益类开放式理财产品,6.35%
245,工银理财·鑫尊利120天持盈固定收益类开放式理财产品,3.28%
246,工银理财·鑫尊利最短持有14天固收增强开放理财产品（深圳专享）,2.54%
247,工银理财·智合多资产FOF30天持盈固收增强开放式理财产品,4.02%
248,工银理财·核心优选90天持盈固收理财产品老年专享（福满系列）,2.51%
249,工银理财·如意人生天天鑫核心优选固定收益类开放式理财产品,2.16%
250,工银理财·如意人生天天鑫核心优选同业存单固收类开放理财产品,2.06%
251,工银理财·天天鑫核心优选同业存单及存款固收类开放式理财产品,1.48%
252,工银理财·核心优选最短持有30天固收开放式理财产品（四川专享）,2.36%
253,工银理财·核心优选最短持有14天固收开放理财产品（湖北专享）,2.42%
254,工银理财·恒睿睿益150天持盈固定收益类开放式理财产品,10.67%
255,工银理财·两权其美150天持盈混合类开放式理财产品,17.03%
256,高盛工银理财·盛景QDII每日开放固定收益类美元理财产品1期,4.88%
257,高盛工银理财·盛景封闭式固定收益类美元理财产品1期(23703A),5.28%
258,高盛工银理财·盛景封闭式固定收益类美元理财产品2期（23704A）,5.24%
259,高盛工银理财·盛景每日开放固定收益类美元理财产品1期,4.72%
260,高盛工银理财·盛景封闭式固定收益类美元理财产品3期,5.32%
261,高盛工银理财·盛景财富赢尊享封闭式固定收益类美元理财产品3期,5.38%
262,高盛工银理财·盛景封闭式固定收益类美元理财产品4期,5.28%
263,高盛工银理财·盛景财富赢尊享封闭式固定收益类美元理财产品4期,5.33%
264,高盛工银理财·盛景封闭式固定收益类美元理财产品6期,5.35%
265,高盛工银理财·盛景财富赢封闭式固定收益类美元理财产品6期,5.41%
266,高盛工银理财·盛景封闭式固定收益类美元理财产品7期,5.32%
267,高盛工银理财·盛景财富赢封闭式固定收益类美元理财产品7期,5.37%
268,高盛工银理财·盛景封闭式固定收益类美元理财产品8期,5.31%
269,高盛工银理财·盛景财富赢封闭式固定收益类美元理财产品8期,5.35%
270,高盛工银理财·盛景封闭式固定收益类美元理财产品12期,5.29%
271,高盛工银理财·盛景财富赢封闭式固定收益类美元理财产品12期,5.34%
272,高盛工银理财·盛景封闭式固定收益类美元理财产品13期,5.29%
273,高盛工银理财·盛景财富赢封闭式固定收益类美元理财产品13期,5.33%
274,高盛工银理财·盛景封闭式固定收益类美元理财产品14期,5.19%
275,高盛工银理财·盛景财富赢封闭式固定收益类美元理财产品14期,5.24%
276,高盛工银理财·盛景封闭式固定收益类美元理财产品15期,5.28%
277,高盛工银理财·盛景财富赢封闭式固定收益类美元理财产品15期,5.34%
278,高盛工银理财·盛景封闭式固定收益类美元理财产品16期,5.15%
279,高盛工银理财·盛景财富赢封闭式固定收益类美元理财产品16期,5.20%
280,高盛工银理财·盛景封闭式固定收益类美元理财产品17期,5.31%
281,高盛工银理财·盛景财富赢封闭式固定收益类美元理财产品17期,5.37%
282,高盛工银理财·盛景封闭式固定收益类美元理财产品18期,5.03%
283,高盛工银理财·盛景财富赢封闭式固定收益类美元理财产品18期,5.08%
284,高盛工银理财·盛景封闭式固定收益类美元理财产品21期,5.32%
285,高盛工银理财·盛景财富赢尊享封闭式固定收益类美元理财产品21期,5.36%
286,高盛工银理财·盛景封闭式固定收益类美元理财产品22期,5.08%
287,高盛工银理财·盛景财富赢尊享封闭式固定收益类美元理财产品22期,5.13%
288,高盛工银理财·盛景封闭式固定收益类美元理财产品23期,5.25%
289,高盛工银理财·盛景财富赢尊享封闭式固定收益类美元理财产品23期,5.29%
290,高盛工银理财·盛景封闭式固定收益类美元理财产品24期,5.25%
291,高盛工银理财·盛景财富赢尊享封闭式固定收益类美元理财产品24期,5.31%
292,高盛工银理财·盛景封闭式固定收益类美元理财产品25期,5.19%
293,高盛工银理财·盛景财富赢尊享封闭式固定收益类美元理财产品25期,5.24%
294,高盛工银理财·盛景封闭式固定收益类美元理财产品26期,4.96%
295,高盛工银理财·盛景财富赢尊享封闭式固定收益类美元理财产品26期,5.01%
296,高盛工银理财·盛景封闭式固定收益类美元理财产品27期,5.15%
297,高盛工银理财·盛景财富赢尊享封闭式固定收益类美元理财产品27期,5.21%
298,高盛工银理财·盛景封闭式固定收益类美元理财产品28期,4.93%
299,高盛工银理财·盛景财富赢尊享封闭式固定收益类美元理财产品28期,4.98%
300,高盛工银理财·盛景封闭式固定收益类美元理财产品29期,5.09%
301,高盛工银理财·盛景财富赢尊享封闭式固定收益类美元理财产品29期,5.15%
302,高盛工银理财·盛景封闭式固定收益类美元理财产品30期,4.91%
303,工银理财·天天鑫添益低波红利策略固收增强开放式产品,2.16%
304,工银理财·鑫得利固定收益类封闭式理财产品(安鑫款23G2014A),3.69%
305,工银理财·鑫得利固定收益类封闭式理财产品（23G2015A）,3.29%
306,工银理财·鑫得利固定收益类封闭式理财产品（司庆专享安鑫款）,4.90%
307,工银理财·鑫得利固定收益类封闭式理财产品（安鑫款）,3.70%
308,工银理财·鑫得利固收类封闭式理财产品（安鑫款23G2018A）,4.67%
309,工银理财·鑫得利固收封闭式理财产品(劳动节专享),4.11%
310,工银理财·鑫得利固收增强封闭式理财产品(23G2055A),3.75%
311,工银理财·鑫得利固收增强封闭式理财产品(23G2060A),3.33%
312,工银理财·鑫得利固收增强封闭式理财产品(23G2062A),3.13%
313,工银理财·鑫得利固收增强封闭式理财产品(23G2063A),3.51%
314,工银理财·添利宝现金管理类开放净值型理财产品4号（23G2068D）,1.1957%
315,工银理财·鑫得利固收增强封闭式理财产品(23G2070A),3.39%
316,工银理财·周周鑫添益固收类开放式理财产品(福建专享),2.40%
317,工银理财·鑫得利固收增强封闭式理财产品(23G2086A),4.24%
318,工银理财·鑫得利固收增强封闭式理财产品(23G2087A),4.14%
319,工银理财·鑫得利固收增强封闭式理财产品(23G2088A),3.82%
320,工银理财·鑫得利固收增强封闭式理财产品(23G2089A),3.40%
321,工银理财·鑫得利固定收益类封闭式理财产品（安鑫款23G2091A）,4.09%
322,工银理财·鑫得利固定收益类封闭式理财产品（安鑫款23G2095A）,4.31%
323,工银理财·鑫得利固定收益类封闭式理财产品（23G2096A）,3.30%
324,工银理财·鑫得利固定收益类封闭式理财产品（23G2097A）,3.15%
325,工银理财·鑫得利固定收益类封闭式理财产品（23G2098A）,3.08%
326,工银理财·如意人生鑫添益最短持有30天低波红利策略固收增强个人,2.45%
327,工银理财·鑫添益最短持有540天固收增强开放理财产品(23G2302D),2.11%
328,工银理财·如意人生鑫添益最短持有540天固收增强开放理财产品,1.84%
329,工银理财·如意人生智益最短持有1500天固收增强开放式理财产品,4.55%
330,工银理财·鑫得利固收类封闭式理财产品（23G2401A）,3.12%
331,工银理财·鑫得利固收类封闭式理财产品（23G2403A）,3.08%
332,工银理财·鑫得利固收类封闭式理财产品（23G2404A）,3.06%
333,工银理财·鑫得利固收类封闭式理财产品（23G2405A）,3.25%
334,工银理财·鑫得利固收类封闭式理财产品（23G2406A）,3.24%
335,工银理财·鑫得利固收类封闭式理财产品（23G2407A）,3.07%
336,工银理财·鑫得利固收类封闭式理财产品（安鑫款23G2409A）,3.07%
337,工银理财·鑫得利固收类封闭式理财产品（安鑫款23G2410A）,3.09%
338,工银理财·鑫得利固收类封闭式理财产品（23G2411A）,3.02%
339,工银理财·鑫得利固收类封闭式理财产品（安鑫款23G2412A）,3.11%
340,工银理财·鑫得利固收类封闭式理财产品（23G2413A）,3.25%
341,工银理财·鑫得利固收类封闭式理财产品（23G2414A）,3.06%
342,工银理财·鑫得利固收类封闭式理财产品（安鑫款23G2415A）,3.06%
343,工银理财·鑫得利固收类封闭式理财产品（23G2416A）,3.20%
344,工银理财·鑫得利固收类封闭式理财产品（安鑫款23G2417A）,2.89%
345,工银理财·鑫得利固收类封闭式理财产品（安鑫款23G2419A）,3.07%
346,工银理财·鑫得利固收类封闭式理财产品（安鑫款23G2432A）,3.27%
347,工银理财·鑫得利固收类封闭式理财产品（23G2434A）,3.26%
348,工银理财·鑫得利固收类封闭式理财产品（23G2435A）,2.86%
349,工银理财·鑫得利固收类封闭式理财产品（23G2450A）,3.24%
350,工银理财·鑫得利固收类封闭式理财产品（23G2451A）,2.94%
351,工银理财·鑫得利固收类封闭式理财产品（23G2452A）,3.21%
352,工银理财·月月鑫稳利固收类开放式理财产品(23G2476A),2.11%
353,工银理财·鑫稳利固收类6个月定期开放式理财产品1号,2.43%
354,工银理财·鑫得利固定收益类封闭式理财产品（23G2604A）,3.21%
355,工银理财·鑫得利固定收益类封闭式理财产品（23G2606A）,3.07%
356,工银理财·稳益同业存单及存款固收类封闭式理财产品（23G2634A）,2.49%
357,工银理财·鑫得利固定收益类封闭式理财产品（23G2913A）,2.99%
358,工银理财·稳丰最短持有7天固定收益类开放式理财产品(23G3039A),2.19%
359,工银理财·鑫享固定收益类封闭式净值型理财产品（23G3056A）,4.64%
360,工银理财·鑫享固定收益类封闭式净值型理财产品（23G3057A）,4.49%
361,工银理财·鑫享固定收益类封闭式净值型理财产品（23G3067A）,3.38%
362,工银理财·鑫享固定收益类封闭式净值型理财产品（23G3070A）,3.40%
363,工银理财·鑫享固定收益类封闭式净值型理财产品（23G3077A）,3.38%
364,工银理财·鑫享固定收益类封闭式净值型理财产品（23G3083A）,4.32%
365,工银理财·鑫享固定收益类封闭式净值型理财产品（23G3086A）,3.75%
366,工银理财·鑫享固收类封闭式净值型理财产品（安鑫款23G3091A）,2.87%
367,工银理财·稳益同业存单及存款固收类封闭式理财产品（23G3401A）,2.61%
368,工银理财·稳益同业存单及存款固收类封闭式理财产品（23G3402A）,3.02%
369,工银理财·稳益同业存单及存款固收类封闭式理财产品（23G3403A）,2.58%
370,工银理财·稳益同业存单及存款固收类封闭式理财产品（23G3404A）,2.78%
371,工银理财·稳益同业存单及存款固收类封闭式理财产品（23G3405A）,2.62%
372,工银理财·稳益同业存单及存款固收类封闭式理财产品（23G3407A）,2.61%
373,工银理财·稳益同业存单及存款固收类封闭式理财产品（23G3435A）,2.90%
374,工银理财·核心优选固收类封闭式理财产品（司庆专享安鑫款）,5.26%
375,工银理财·核心优选固收类封闭式理财产品（安鑫款23G5008A）,2.80%
376,工银理财·核心优选固定收益类封闭式净值型理财产品（安鑫款）,4.48%
377,工银理财·核心优选固收类封闭式理财产品（安鑫款23G5010A）,5.04%
378,工银理财·核心优选固收增强封闭式净值型理财产品（23G5062A）,2.35%
379,工银理财·核心优选固收增强封闭式净值型理财产品（23G5063A）,7.18%
380,工银理财·核心优选固收增强封闭式净值型理财产品（23G5064A）,7.61%
381,工银理财·核心优选固收增强封闭式净值型理财产品（23G5065A）,1.90%
382,工银理财·核心优选固收类封闭式理财产品（安鑫款23G5066A）,3.74%
383,工银理财·核心优选固收类封闭式理财产品（安鑫款23G5069A）,3.81%
384,工银理财·核心优选固收增强封闭式净值型理财产品（23G5071A）,4.23%
385,工银理财·核心优选固收增强封闭式净值型理财产品（23G5072A）,2.15%
386,工银理财·核心优选固收增强封闭式净值型理财产品（23G5073A）,4.36%
387,工银理财·核心优选固收增强封闭式净值型理财产品（23G5074A）,5.01%
388,工银理财·核心优选固收增强封闭式净值型理财产品（23G5076A）,2.79%
389,工银理财·核心优选固收增强封闭式净值型理财产品（23G5077A）,4.32%
390,工银理财·稳益同业存单及存款固收类封闭式理财产品（23G5087A）,2.39%
391,工银理财·稳益同业存单及存款固收类封闭式理财产品（23G5089A）,2.49%
392,工银理财·核心优选固收增强封闭式净值型理财产品（23G5119A）,4.33%
393,工银理财·核心优选最短持有365天固收增强开放式产品(23G5393E),5.32%
394,工银理财·如意人生核心优选最短持有365天固收增强开放式产品,2.77%
395,工银理财·核心优选固收增强封闭式净值型理财产品（23G5401A）,2.70%
396,工银理财·核心优选固收增强封闭式净值型理财产品（23G5403A）,4.34%
397,工银理财·核心优选固收增强封闭式净值型理财产品（23G5404A）,1.91%
398,工银理财·核心优选固收增强封闭式净值型理财产品（23G5405A）,2.70%
399,工银理财·核心优选固收增强封闭式净值型理财产品（23G5407A）,5.01%
400,工银理财·核心优选固收增强封闭式净值型理财产品（23G5408A）,3.67%
401,工银理财·核心优选固收增强封闭式净值型理财产品（23G5410A）,1.68%
402,工银理财·核心优选固收类封闭式理财产品（安鑫款23G5417A）,2.52%
403,工银理财·核心优选固收类封闭式理财产品（23G5418A）,2.88%
404,工银理财·核心优选固收类封闭式理财产品（安鑫款23G5419A）,3.73%
405,工银理财·核心优选固收类封闭式理财产品（安鑫款23G5420A）,3.59%
406,工银理财·核心优选固收增强封闭式净值型理财产品（23G5431A）,2.33%
407,工银理财·核心优选固收类封闭式理财产品（安鑫款23G5464A）,2.82%
408,工银理财·核心优选固收类封闭式理财产品（安鑫款23G5493A）,3.81%
409,工银理财·月月稳丰同业存单存款开放式产品,2.12%
410,工银理财·鑫悦固收增强封闭式理财产品（23G6022A）,3.43%
411,工银理财·鑫悦固收增强封闭式理财产品（23G6025A）,3.40%
412,工银理财·鑫悦固收增强封闭式理财产品（23G6037A）,5.23%
413,工银理财·鑫悦固收增强封闭式理财产品（23G6039A）,3.01%
414,工银理财·鑫享固收类封闭式净值型理财产品（23G6042A）,4.01%
415,工银理财·鑫享固收类封闭式净值型理财产品（安鑫款23G6043A）,3.08%
416,工银理财·鑫享固定收益类封闭式理财产品（安鑫款23G6052A）,3.15%
417,工银理财·鑫享固收类封闭式净值型理财产品（安鑫款23G6053A）,2.57%
418,工银理财·鑫享固收类封闭式净值型理财产品（安鑫款23G6060A）,2.56%
419,工银理财·鑫享固定收益类封闭式净值型理财产品,7.61%
420,工银理财·鑫悦中证1000自动触发策略固收封闭产品3号(23G6083A),0.25%
421,工银理财·如意人生智悦最短持有1800天固收类开放式理财产品,15.19%
422,工银理财·鑫享固收类封闭式净值型理财产品（安鑫款23G6428A）,2.71%
423,工银理财·鑫享固收类封闭式净值型理财产品（安鑫款23G6429A）,2.64%
424,工银理财·鑫享固收类封闭式净值型理财产品（安鑫款23G6430A）,2.95%
425,工银理财·鑫享固收类封闭式净值型理财产品（安鑫款23G6431A）,2.69%
426,工银理财·鑫享固收类封闭式净值型理财产品（安鑫款23G6432A）,2.65%
427,工银理财·鑫悦固收增强封闭式理财产品（23G6450A）,3.38%
428,工银理财·稳益同业存单及存款固收类封闭式理财产品(23G6467A),2.59%
429,工银理财·稳益同业存单及存款固收类封闭式理财产品(23G6473A),2.67%
430,工银理财·稳益同业存单及存款固收类封闭式理财产品(23G6474A),2.54%
431,工银理财·全球添益固收类封闭式美元理财产品(23G8067A),5.40%
432,工银理财·全球添益固收类(QDII)封闭式美元理财产品(23G8411A),5.08%
433,工银理财·鑫得利固收增强封闭式理财产品(23GS2061),3.84%
434,工银理财·添利宝现金管理类开放净值型理财产品1号（23GS2065）,1.1049%
435,工银理财·添利宝现金管理类开放净值型理财产品2号（23GS2066）,1.1252%
436,工银理财·添利宝现金管理类开放净值型理财产品3号（23GS2067）,1.0876%
437,工银理财·添利宝现金管理类开放净值型理财产品4号（23GS2068）,1.1947%
438,工银理财·鑫得利固收增强封闭式理财产品(23GS2071),3.08%
439,工银理财·鑫得利固收增强封闭式理财产品(23GS2072),3.60%
440,工银理财·鑫得利固收增强封闭式理财产品(23GS2073),3.25%
441,工银理财·鑫得利固收增强封闭式理财产品(23GS2081),3.67%
442,工银理财·鑫得利固收增强封闭式理财产品(23GS2090),3.65%
443,工银理财·鑫得利固收增强封闭式理财产品(23GS2099),3.94%
444,工银理财·颐享鑫添益最短持有540天固收增强开放式理财产品,2.80%
445,工银理财·颐享智益最短持有1500天固收增强开放式理财产品,3.14%
446,工银理财·如意人生鑫添益最短持有30天固收开放产品（如意月鑫）,2.21%
447,工银理财·鑫得利固收类封闭式理财产品（23GS2400）,3.10%
448,工银理财·鑫得利固收类封闭式理财产品（23GS2418）,2.99%
449,工银理财·鑫得利固收类封闭式理财产品（23GS2420）,2.98%
450,工银理财·鑫得利固收增强封闭式理财产品(23GS2458),2.45%
451,工银理财·鑫得利固收增强封闭式理财产品(23GS2466),2.37%
452,工银理财·鑫得利目标止盈策略固收封闭产品(浙江专享23GS2600),4.44%
453,工银理财·鑫得利固定收益类封闭式理财产品（23GS2611）,3.81%
454,工银理财·鑫得利固收类封闭式理财产品（23GS2612）,2.97%
455,工银理财·天天鑫添益固收类开放式产品（幸福1号）,2.42%
456,工银理财·鑫得利固收类封闭式理财产品（浙江专享23GS2688）,5.17%
457,工银理财·鑫享固定收益类封闭式净值型理财产品（23GS3068）,4.30%
458,工银理财·鑫享固定收益类封闭式净值型理财产品（23GS3069）,4.38%
459,工银理财·鑫享固定收益类封闭式净值型理财产品（23GS3071）,4.51%
460,工银理财·鑫享固定收益类封闭式净值型理财产品（安鑫款）,3.39%
461,工银理财·鑫享固定收益类封闭式净值型理财产品（23GS3073）,3.94%
462,工银理财·颐享鑫尊利最短持有1080天固定收益类开放式理财产品,3.90%
463,工银理财·稳益同业存单及存款固收类封闭式理财产品（23GS3415）,2.90%
464,工银理财·核心优选固收增强封闭式净值型理财产品（23GS5060）,6.30%
465,工银理财·核心优选固收增强封闭式净值型理财产品（23GS5075）,2.85%
466,工银理财·核心优选固收增强封闭式净值型理财产品（23GS5078）,6.70%
467,工银理财·核心优选固收增强封闭式净值型理财产品（23GS5079）,2.93%
468,工银理财·核心优选固收类封闭式净值型理财产品(23GS5113),3.17%
469,工银理财·颐享核心优选最短持有365天固收增强开放式理财产品,3.20%
470,工银理财·如意人生核心优选固收7天定开产品（如意周鑫）,2.40%
471,工银理财·核心优选固收增强封闭式净值型理财产品（23GS5402）,2.17%
472,工银理财·核心优选固收增强封闭式净值型理财产品（23GS5406）,3.05%
473,工银理财·核心优选固收增强封闭式净值型理财产品（23GS5409）,3.59%
474,工银理财·核心优选固收类封闭式理财产品(23GS5415),3.30%
475,工银理财·核心优选固收类封闭式理财产品（安鑫款23GS5492）,3.87%
476,工银理财·天天鑫核心优选固收类开放式产品（幸福2号）,2.38%
477,工银理财·鑫悦固收增强封闭式理财产品（23GS6023）,5.19%
478,工银理财·鑫悦固收增强封闭式理财产品（23GS6024）,4.75%
479,工银理财·鑫悦固收增强封闭式理财产品（23GS6026）,3.58%
480,工银理财·鑫悦固收增强封闭式理财产品（23GS6038）,6.73%
481,工银理财·鑫享固收类封闭式净值型理财产品（安鑫款23GS6059）,2.46%
482,工银理财·颐享鑫悦最短持有720天固收增强开放式理财产品,3.35%
483,工银理财·颐享智悦最短持有1800天固定收益类开放式理财产品,4.76%
484,工银理财·鑫享固收类封闭式净值型理财产品（23GS6433）,4.40%
485,工银理财·全球添益固收类(QDII)封闭式理财产品(23GS8078),5.38%
486,工银理财·月月全球添益开放美元产品(2023.3.21-2023.10.19封闭),5.07%
487,工银理财·全球添益双周开美元产品(封闭期2023.4.19-2023.10.24),5.04%
488,工银理财·天天鑫全球添益固收QDII美元,4.81%
489,高盛工银理财·盛景封闭固收美元产品116期北京优享(240791),4.10%
490,高盛工银理财·盛景存款存单封闭式固收理财产品2期(24102A),1.94%
491,高盛工银理财·盛景封闭式固定收益类美元理财产品31期,5.15%
492,高盛工银理财·盛景财富赢尊享封闭式固定收益类美元理财产品31期,5.21%
493,高盛工银理财·盛景封闭式固定收益类美元理财产品32期,4.92%
494,高盛工银理财·盛景封闭式固定收益类美元理财产品33期,5.06%
495,高盛工银理财·盛景财富赢尊享封闭式固定收益类美元理财产品33期,5.12%
496,高盛工银理财·盛景封闭式固定收益类美元理财产品34期,4.91%
497,高盛工银理财·盛景封闭式固定收益类美元理财产品35期,5.09%
498,高盛工银理财·盛景财富赢尊享封闭式固定收益类美元理财产品35期,5.13%
499,高盛工银理财·盛景封闭式固定收益类美元理财产品36期,4.92%
500,高盛工银理财·盛景封闭式固定收益类美元理财产品37期,5.13%
501,高盛工银理财·盛景财富赢尊享封闭式固定收益类美元理财产品37期,5.19%
502,高盛工银理财·盛景封闭式固定收益类美元理财产品38期,4.97%
503,高盛工银理财·盛景封闭式固定收益类美元理财产品39期,5.17%
504,高盛工银理财·盛景财富赢尊享封闭式固定收益类美元理财产品39期,5.23%
505,高盛工银理财·盛景封闭固收美元产品127期(2470NA),3.85%
506,高盛工银理财·盛景封闭固收美元产品128期(2470PA),3.87%
507,高盛工银理财·盛景封闭固收美元产品129期(2470QA),3.85%
508,高盛工银理财·盛景封闭固收美元产品130期(2470RA),3.84%
509,高盛工银理财·盛景封闭固收美元产品132期(2470TA),3.84%
510,高盛工银理财·盛景封闭固收美元产品133期(2470UA),4.01%
511,高盛工银理财·盛景封闭固收美元产品134期(2470VA),3.79%
512,高盛工银理财·盛景封闭式固定收益类美元理财产品40期,5.02%
513,高盛工银理财·盛景封闭固收美元产品41期(24711A),5.13%
514,高盛工银理财·盛景封闭固收美元产品42期(24712A),5.00%
515,高盛工银理财·盛景财富赢尊享封闭固收美元产品42期(24712C),5.06%
516,高盛工银理财·盛景封闭固收美元产品43期(24713A),5.25%
517,高盛工银理财·盛景封闭固收美元产品44期(24714A),5.06%
518,高盛工银理财·盛景财富赢尊享封闭固收美元产品44期(24714C),5.11%
519,高盛工银理财·盛景封闭固收美元产品45期(24715A),5.27%
520,高盛工银理财·盛景财富赢尊享封闭固收美元产品45期（24715C）,5.33%
521,高盛工银理财·盛景封闭固收美元产品46期(24716A),5.05%
522,高盛工银理财·盛景封闭固收美元产品99期(24769A),4.52%
523,高盛工银理财·盛景封闭固收美元产品101期(24771A),4.09%
524,高盛工银理财·盛景封闭固收美元产品103期(24773A),4.05%
525,高盛工银理财·盛景封闭固收美元产品105期(24775A),3.82%
526,高盛工银理财·盛景封闭固收美元产品107期(24777A),3.82%
527,高盛工银理财·盛景封闭固收美元产品109期(24779A),3.86%
528,高盛工银理财·盛景封闭固收美元产品110期(24780A),3.83%
529,高盛工银理财·盛景封闭固收美元产品111期(24781A),3.86%
530,工银理财·添利宝现金管理类开放净值型理财产品24号（24G0009D）,1.1529%
531,工银理财·鑫得利目标止盈策略固收增强封闭理财产品(24G2009A),4.13%
532,工银理财·鑫得利目标止盈策略固收增强封闭理财产品(24G2010A),7.82%
533,工银理财·鑫得利目标止盈策略固收增强封闭理财产品(24G2011A),3.56%
534,工银理财·鑫得利目标止盈策略固收增强封闭理财产品(24G2012A),3.21%
535,工银理财·鑫得利目标止盈策略固收增强封闭理财产品(24G2013A),4.79%
536,工银理财·鑫得利目标止盈策略固收增强封闭理财产品(24G2014A),3.62%
537,工银理财·鑫得利固收增强封闭式理财产品(24G2020A),2.18%
538,工银理财·鑫得利固收增强封闭式理财产品(24G2023A),2.69%
539,工银理财·鑫得利固收增强封闭式理财产品(24G2024A),3.80%
540,工银理财·鑫得利固收类封闭式理财产品（24G2040A）,2.19%
541,工银理财·鑫得利固收类封闭式理财产品（24G2041A）,2.44%
542,工银理财·鑫得利固收类封闭式理财产品（24G2042A）,2.27%
543,工银理财·鑫得利固收类封闭理财产品（24G2043A）,2.12%
544,工银理财·鑫得利固收类封闭式理财产品（安鑫款24G2045A）,2.70%
545,工银理财·鑫得利固收类封闭式理财产品(安鑫款24G2046A),2.30%
546,工银理财·鑫得利固收类封闭式理财产品（24G2047A）,3.42%
547,工银理财·鑫得利固收类封闭式理财产品（24G2048A）,3.31%
548,工银理财·鑫得利固收类封闭式理财产品（24G2049A）,2.58%
549,工银理财·鑫得利固收类封闭式理财产品（24G2050A）,2.85%
550,工银理财·鑫得利固收类封闭式理财产品（24G2051A）,3.07%
551,工银理财·鑫得利固收类封闭式理财产品（24G2052A）,2.79%
552,工银理财·鑫得利固收类封闭式理财产品（24G2053A）,2.50%
553,工银理财·鑫得利固收类封闭式理财产品（24G2054A）,3.83%
554,工银理财·鑫得利固收类封闭式理财产品（24G2055A）,2.64%
555,工银理财·鑫得利固收类封闭式理财产品（24G2056A）,2.07%
556,工银理财·鑫得利固收类封闭式理财产品（24G2057A）,2.14%
557,工银理财·鑫得利固收类封闭式理财产品（24G2058A）,3.79%
558,工银理财·鑫得利固收类封闭式理财产品（24G2059A）,2.56%
559,工银理财·鑫稳利固收类季开理财产品（24G2060A）,1.98%
560,工银理财·鑫稳利固收类季开理财产品（24G2061A）,2.00%
561,工银理财·鑫稳利固收类6个月定期开放式理财产品2号,1.89%
562,工银理财·鑫稳利固收类6个月定期开放理财产品3号,2.27%
563,工银理财·鑫稳利固收类1年定期开放式理财产品1号(24G2064A),1.90%
564,工银理财·鑫稳利固收类1年定期开放式理财产品2号,2.22%
565,工银理财·鑫添益最短持有180天固收类开放式理财产品,2.00%
566,工银理财·鑫得利目标止盈策略固收封闭产品(浙江专享24G2067A),4.01%
567,工银理财·鑫得利目标止盈策略固收封闭产品(浙江专享24G2068A),2.54%
568,工银理财·鑫得利目标止盈策略固收封闭产品(浙江专享24G2069A),2.30%
569,工银理财·添利宝现金管理类开放净值型理财产品11号（24G2071A）,1.1142%
570,工银理财添利宝11号,1.0162%
571,工银理财·添利宝现金管理类开放净值型理财产品14号(24G2074A),1.2615%
572,工银理财添利宝14号,1.1731%
573,工银理财·鑫得利目标止盈策略固收增强封闭理财产品(24G2076A),4.08%
574,工银理财·鑫得利目标止盈策略固收增强封闭理财产品(24G2077A),3.01%
575,工银理财·鑫得利固收类封闭式理财产品（24G2080A）,3.06%
576,工银理财·鑫得利固收类封闭式理财产品（24G2081A）,3.04%
577,工银理财·鑫得利固收类封闭式理财产品（24G2082A）,2.64%
578,工银理财·鑫得利固收类封闭式理财产品（24G2083A）,3.57%
579,工银理财·鑫得利固收类封闭式理财产品（24G2085A）,2.18%
580,工银理财·鑫得利固收类封闭式理财产品（24G2086A）,2.34%
581,工银理财·月月鑫稳利固收类开放式理财产品(24G2088A),2.07%
582,工银理财·鑫稳利低波红利策略固收增强季开理财产品1号,2.80%
583,工银理财·月月鑫稳利固收类开放式理财产品(24G2099A),2.09%
584,工银理财·鑫得利目标止盈策略固收增强封闭(浙江专享24G2170A),2.30%
585,工银理财·稳益同业存单及存款固收类封闭式理财产品(24G2403A）,2.37%
586,工银理财·稳益同业存单及存款固收类封闭式理财产品(24G2406A),2.07%
587,工银理财·稳益同业存单及存款固收类封闭式理财产品(24G2408A),2.02%
588,工银理财·鑫稳利固收类季开理财产品（24G2412A）,1.98%
589,工银理财·鑫得利目标止盈策略固收封闭产品(浙江专享24G2417A),2.13%
590,工银理财·鑫得利目标止盈策略固收封闭产品(浙江专享24G2418A),1.93%
591,工银理财·鑫得利目标止盈策略固收封闭产品(浙江专享24G2419A),1.92%
592,工银理财·鑫得利目标止盈策略固收封闭产品(浙江专享24G2420A),2.42%
593,工银理财·鑫得利目标止盈策略固收封闭产品(浙江专享24G2421A),2.38%
594,工银理财·鑫得利固收类封闭式理财产品（安鑫款24G2426A）,2.13%
595,工银理财·鑫得利固收类封闭理财产品（绿色主题安鑫款24G2429A）,1.88%
596,工银理财·鑫得利固收类封闭理财产品（科创主题安鑫款24G2430A）,2.06%
597,工银理财·鑫得利固收类封闭理财产品(安鑫款24G2431A),2.07%
598,工银理财·鑫得利固收类封闭理财产品(安鑫款24G2432A),2.04%
599,工银理财·鑫得利固收类封闭理财产品(安鑫款24G2433A),2.13%
600,工银理财·鑫得利固收类封闭理财产品(安鑫款24G2434A),2.07%
601,工银理财·鑫得利固收类封闭理财产品(安鑫款24G2435A),2.11%
602,工银理财·鑫得利目标止盈策略固收增强封闭理财产品(24G2443A),4.28%
603,工银理财·鑫得利目标止盈策略固收增强封闭理财产品(24G2445A),2.83%
604,工银理财·鑫得利目标止盈策略固收增强封闭理财产品(24G2446A),2.77%
605,工银理财·鑫得利目标止盈策略固收增强封闭理财产品(24G2463A),2.99%
606,工银理财·鑫得利目标止盈策略固收增强封闭理财产品(24G2465A),12.50%
607,工银理财·鑫得利目标止盈策略固收增强封闭(浙江专享24G2468A),2.59%
608,工银理财·鑫得利目标止盈策略固收增强封闭(浙江专享24G2469A),3.25%
609,工银理财·鑫得利固收类封闭理财产品(安鑫款24G2701A),2.11%
610,工银理财·鑫得利固收类封闭式理财产品（24G2702A）,3.35%
611,工银理财·鑫得利固收类封闭式理财产品（24G2703A）,3.36%
612,工银理财·鑫得利固收类封闭理财产品(安鑫款24G2705A),2.07%
613,工银理财·鑫稳利固收类1年定期开放式理财产品3号,2.06%
614,工银理财·鑫得利固收类封闭理财产品（科创主题安鑫款24G2710A）,2.25%
615,工银理财·鑫得利固收类封闭理财产品（绿色主题安鑫款24G2715A）,2.18%
616,工银理财·鑫稳利固收类6个月定期开放理财产品4号,2.34%
617,工银理财·鑫稳利固收类6个月定期开放式理财产品5号,1.83%
618,工银理财·鑫得利固收类封闭理财产品(安鑫款24G2718A),2.28%
619,工银理财·鑫得利固收类封闭理财产品(安鑫款24G2719A),2.08%
620,工银理财·鑫得利固收类封闭理财产品(安鑫款24G2720A),1.96%
621,工银理财·稳益固收类封闭式理财产品(24G2761A),1.95%
622,工银理财·天天鑫稳益固收类开放理财产品(24G2770A),1.75%
623,工银理财·如意人生天天鑫稳益固收类开放个人理财产品(24G2770G),1.77%
624,工银理财·鑫添益最短持有420天固收类开放式理财产品,2.69%
625,工银理财·鑫添益最短持有180天低波红利策略固收增强开放产品,4.43%
626,工银理财·颐享鑫添益最短持有366天固收开放理财产品,1.97%
627,工银理财·鑫添益最短持有365天低波红利策略固收增强开放产品,2.10%
628,工银理财·鑫享固收类封闭式净值型理财产品（安鑫款24G3011A）,2.61%
629,工银理财·鑫享固收类封闭式净值型理财产品（安鑫款24G3012A）,2.66%
630,工银理财·鑫享固收类封闭式净值型理财产品（安鑫款24G3013A）,2.45%
631,工银理财·稳益同业存单及存款固收类封闭式理财产品（24G3021A）,2.69%
632,工银理财·稳益同业存单及存款固收类封闭式理财产品（24G3025A）,2.66%
633,工银理财·稳益同业存单及存款固收类封闭式理财产品（24G3026A）,2.47%
634,工银理财·稳益同业存单及存款固收类封闭式理财产品（24G3028A）,2.27%
635,工银理财·稳益同业存单及存款固收类封闭式理财产品(24G3030A),2.47%
636,工银理财·稳益同业存单及存款固收类封闭式理财产品（24G3031A）,2.55%
637,工银理财·稳益同业存单及存款固收类封闭式理财产品（24G3033A）,2.48%
638,工银理财·稳益同业存单及存款固收类封闭式理财产品（24G3034A）,2.55%
639,工银理财·稳益同业存单及存款固收类封闭式理财产品（24G3037A）,2.41%
640,工银理财·稳益同业存单及存款固收类封闭式理财产品(24G3039A),2.27%
641,工银理财·稳益同业存单及存款固收类封闭式理财产品(24G3050A),2.62%
642,工银理财·稳益同业存单及存款固收类封闭式理财产品(24G3063A),2.29%
643,工银理财·稳益同业存单及存款固收类封闭式理财产品(24G3401A),2.27%
644,工银理财·稳益同业存单及存款固收类封闭式理财产品(24G3402A),2.16%
645,工银理财·稳益同业存单及存款固收类封闭式理财产品(24G3403A),2.28%
646,工银理财·稳益同业存单及存款固收类封闭式理财产品(24G3404A),2.32%
647,工银理财·稳益同业存单及存款固收类封闭式理财产品(24G3407A),2.14%
648,工银理财·稳益同业存单及存款固收类封闭式理财产品(24G3408A),2.09%
649,工银理财·稳益同业存单及存款固收类封闭式理财产品(24G3411A),2.06%
650,工银理财·稳益同业存单及存款固收类封闭式理财产品(24G3412A),2.27%
651,工银理财·核心优选最短持有30天红利优选固收增强开放式理财产品,2.62%
652,工银理财·如意人生核心优选最短持有30天红利优选固收增强个人,1.87%
653,工银理财·稳益同业存单及存款固收类封闭式理财产品（24G5001A）,2.69%
654,工银理财·稳益同业存单及存款固收类封闭式理财产品（24G5002A）,2.86%
655,工银理财·稳益同业存单及存款固收类封闭式理财产品（24G5003A）,2.70%
656,工银理财·稳益同业存单及存款固收类封闭式理财产品（24G5004A）,2.48%
657,工银理财·稳益同业存单及存款固收类封闭式理财产品（24G5005A）,2.49%
658,工银理财·稳益同业存单及存款固收类封闭式理财产品（24G5006A）,2.48%
659,工银理财·核心优选固收增强封闭式净值型理财产品（24G5020A）,3.36%
660,工银理财·核心优选固收增强封闭式净值型理财产品（24G5021A）,3.71%
661,工银理财·核心优选固收增强封闭式净值型理财产品（24G5022A）,3.17%
662,工银理财·核心优选固收增强封闭式净值型理财产品（24G5023A）,4.53%
663,工银理财·核心优选固收增强封闭式净值型理财产品（24G5024A）,2.16%
664,工银理财·核心优选固收增强封闭式净值型理财产品（24G5026A）,3.82%
665,工银理财·稳益同业存单及存款固收类封闭式理财产品（24G5030A）,2.52%
666,工银理财·稳益同业存单及存款固收类封闭式理财产品（24G5032A）,2.52%
667,工银理财·稳益同业存单及存款固收类封闭式理财产品（24G5033A）,2.59%
668,工银理财·稳益同业存单及存款固收类封闭式理财产品（24G5034A）,2.48%
669,工银理财·稳益同业存单及存款固收类封闭式理财产品（24G5036A）,2.43%
670,工银理财·稳益同业存单及存款固收类封闭式理财产品（24G5037A）,2.84%
671,工银理财·稳益同业存单及存款固收类封闭式理财产品(24G5057A),1.94%
672,工银理财·稳益同业存单及存款固收类封闭式理财产品(24G5058A),1.93%
673,工银理财·稳益同业存单及存款固收类封闭式理财产品(24G5059A),1.94%
674,工银理财·核心优选固收增强封闭式理财产品（24G5060A）,4.61%
675,工银理财·核心优选固收增强封闭式净值型理财产品（24G5061A）,5.38%
676,工银理财·核心优选区间盈策略固收增强封闭理财广东专享24G5066A,2.58%
677,工银理财·核心优选最短持有7天固收类开放理财产品(24G5080A),1.67%
678,工银理财·如意人生核心优选最短持有7天固收开放个人(24G5080G),1.69%
679,工银理财·核心优选固收类每周开放理财产品(24G5087A),1.61%
680,工银理财·如意人生核心优选固收类每周开放理财产品(24G5087G),1.61%
681,工银理财·天天鑫稳益固收类开放式理财产品(24G5090A),1.80%
682,工银理财·如意人生天天鑫稳益固收类开放个人理财产品(24G5090G),1.83%
683,工银理财·天天鑫核心优选固收类开放式理财产品(24G5098A),1.96%
684,工银理财·核心优选最短持有90天红利优选固收增强开放式理财产品,2.78%
685,工银理财·如意人生核心优选最短持有90天固收增强个人(24G5397G),3.33%
686,工银理财·核心优选固收类封闭式理财产品（安鑫款24G5401A）,2.58%
687,工银理财·核心优选固收类封闭式理财产品（安鑫款24G5402A）,2.65%
688,工银理财·核心优选固收类封闭式理财产品（安鑫款24G5403A）,2.51%
689,工银理财·核心优选固收类封闭式理财产品（24G5406A）,2.95%
690,工银理财·核心优选固收类封闭式理财产品（24G5407A）,2.90%
691,工银理财·核心优选固收类封闭式理财产品（24G5408A）,3.09%
692,工银理财·核心优选固收类封闭式理财产品（24G5409A）,2.82%
693,工银理财·核心优选固收类封闭式理财产品（24G5411A）,2.74%
694,工银理财·核心优选固收类封闭式理财产品（24G5412A）,2.64%
695,工银理财·核心优选固收类封闭式理财产品（24G5413A）,2.61%
696,工银理财·核心优选固收类封闭式理财产品（24G5414A）,2.68%
697,工银理财·核心优选固收封闭理财产品(绿色主题安鑫款24G5415A),2.51%
698,工银理财·核心优选固收类封闭式理财产品（安鑫款24G5421A）,2.48%
699,工银理财·核心优选固收类封闭式理财产品（安鑫款24G5422A）,2.35%
700,工银理财·核心优选固收类封闭式理财产品（安鑫款24G5423A）,2.31%
701,工银理财·核心优选固收类封闭式理财产品（24G5425A）,2.13%
702,工银理财·核心优选固收封闭理财产品(安鑫款24G5451A),1.97%
703,工银理财·核心优选固收封闭理财产品(安鑫款24G5452A),1.87%
704,工银理财·核心优选固收封闭理财产品(科创主题安鑫款24G5453A),1.96%
705,工银理财·核心优选固收封闭理财产品(安鑫款24G5454A),1.93%
706,工银理财·核心优选固收封闭理财产品(绿色主题安鑫款24G5456A),1.92%
707,工银理财·核心优选固收封闭理财产品(科创主题安鑫款24G5457A),2.33%
708,工银理财·核心优选固收封闭理财产品(科创主题安鑫款24G5458A),1.84%
709,工银理财·核心优选固收封闭理财产品(绿色主题安鑫款24G5462A),1.80%
710,工银理财·核心优选固收封闭理财产品(安鑫款24G5463A),1.92%
711,工银理财·稳益同业存单及存款固收类封闭式理财产品(24G5471A),1.97%
712,工银理财·核心优选固收封闭理财产品(安鑫款24G5702A),1.97%
713,工银理财·核心优选固收封闭理财产品(安鑫款24G5703A),2.02%
714,工银理财·核心优选固收封闭理财产品(绿色主题安鑫款24G5704A),2.18%
715,工银理财·核心优选固收封闭理财产品(科创主题安鑫款24G5706A),2.17%
716,工银理财·核心优选固收封闭理财产品(24G5771A),2.15%
717,工银理财·颐享核心优选最短持有520天固收开放理财产品,2.77%
718,工银理财·核心优选最短持有90天固收类开放式理财产品(24G5976A),2.99%
719,工银理财·如意人生核心优选最短持有90天固收类开放个人产品2号,2.87%
720,工银理财·鑫享固收类封闭式净值型理财产品（安鑫款24G6011A）,2.97%
721,工银理财·鑫享固收类封闭式净值型理财产品（安鑫款24G6012A）,3.14%
722,工银理财·鑫享固收类封闭式净值型理财产品（安鑫款24G6013A）,3.03%
723,工银理财·稳益同业存单及存款固收类封闭式理财产品(24G6021A),2.54%
724,工银理财·稳益同业存单及存款固收类封闭式理财产品(24G6022A),2.64%
725,工银理财·稳益同业存单及存款固收类封闭式理财产品(24G6023A),2.71%
726,工银理财·稳益同业存单及存款固收类封闭式理财产品(24G6024A),2.80%
727,工银理财·稳益同业存单及存款固收类封闭式理财产品(24G6026A),2.50%
728,工银理财·稳益同业存单及存款固收类封闭式理财产品(24G6027A),2.61%
729,工银理财·稳益同业存单及存款固收类封闭式理财产品(24G6028A),2.58%
730,工银理财·稳益同业存单及存款固收类封闭式理财产品(24G6029A),2.69%
731,工银理财·稳益同业存单及存款固收类封闭式理财产品(24G6031A),2.09%
732,工银理财·稳益同业存单及存款固收类封闭式理财产品(24G6032A),2.13%
733,工银理财·稳益同业存单及存款固收类封闭式理财产品(24G6033A),2.24%
734,工银理财·稳益同业存单及存款固收类封闭式理财产品(24G6035A),2.36%
735,工银理财·稳益同业存单及存款固收类封闭式理财产品(24G6036A),2.71%
736,工银理财·稳益同业存单及存款固收类封闭式理财产品(24G6037A),2.68%
737,工银理财·稳益同业存单及存款固收类封闭式理财产品(24G6040A),2.19%
738,工银理财·稳益同业存单及存款固收封闭式理财产品(24G6041A),2.44%
739,工银理财·稳益同业存单及存款固收类封闭式理财产品(24G6042A),2.04%
740,工银理财·稳益同业存单及存款固收类封闭式理财产品(24G6043A),2.16%
741,工银理财·稳益同业存单及存款固收类封闭式理财产品(24G6044A),2.03%
742,工银理财·鑫悦固收类封闭式理财产品（24G6050A）,2.75%
743,工银理财·鑫悦固收类封闭式理财产品（24G6051A）,4.30%
744,工银理财·鑫悦固收类封闭式理财产品（24G6052A）,2.82%
745,工银理财·鑫悦固收类封闭式理财产品（24G6056A）,3.22%
746,工银理财·鑫悦固收类封闭式理财产品（24G6057A）,2.52%
747,工银理财·鑫悦固收增强封闭式理财产品（24G6060A）,4.37%
748,工银理财·鑫悦固收增强封闭式理财产品（24G6061A）,3.12%
749,工银理财·鑫悦固收增强封闭式理财产品（24G6062A）,3.57%
750,工银理财·鑫悦目标止盈策略固收增强封闭式理财产品(24G6066A),3.54%
751,工银理财·鑫悦目标止盈策略固收增强封闭式理财产品(24G6068A),5.48%
752,工银理财·鑫悦目标止盈策略固收增强封闭式理财产品(24G6069A),4.78%
753,工银理财·鑫悦目标止盈策略固收增强封闭式理财产品(24G6070A),4.94%
754,工银理财·鑫悦目标止盈策略固收增强封闭式理财产品(24G6071A),3.07%
755,工银理财·鑫悦固收增强封闭式理财产品(科创主题24G6072A),2.84%
756,工银理财·鑫悦固收增强封闭式理财产品(24G6074A),2.15%
757,工银理财·鑫悦固收增强封闭式理财产品(24G6078A),2.29%
758,工银理财·鑫悦固收增强封闭式理财产品(24G6079A),2.39%
759,工银理财·鑫悦固收增强封闭式理财产品(24G6080A),2.33%
760,工银理财·鑫悦固收增强封闭式理财产品(24G6081A),2.31%
761,工银理财·鑫悦固收增强封闭式理财产品(24G6082A),2.24%
762,工银理财·鑫悦固收增强封闭式理财产品(24G6083A),2.30%
763,工银理财·鑫悦固收增强封闭式理财产品(24G6084A),2.36%
764,工银理财·鑫悦固收增强封闭式理财产品(24G6085A),2.39%
765,工银理财·鑫悦固收增强封闭式理财产品(24G6086A),2.39%
766,工银理财·鑫悦固收增强封闭式理财产品(24G6087A),2.28%
767,工银理财·天天鑫悦固收增强开放式理财产品,2.11%
768,工银理财·鑫悦最短持有7天固收增强开放式理财产品,2.23%
769,工银理财·如意人生鑫悦最短持有21天固收类开放式个人理财,2.38%
770,工银理财·鑫悦固收增强封闭式理财产品(24G6700A),2.31%
771,工银理财·鑫悦固收增强封闭式理财产品(24G6701A),2.27%
772,工银理财·鑫悦最短持有14天固收增强开放式理财产品1号,2.87%
773,工银理财·鑫悦最短持有30天固收增强开放式理财产品1号,2.71%
774,工银理财·鑫悦最短持有60天固收增强开放式理财产品1号,2.43%
775,工银理财·全球添益固收类季开净值型美元理财产品(24G8002A),4.36%
776,工银理财·全球添益固收(QDII)半年开美元理财产品(24G8004A),3.68%
777,工银理财·全球添益固收类(QDII)封闭式美元理财产品(24G8013A),4.89%
778,工银理财·全球添益固收类(QDII)封闭式美元理财产品(24G8014A),4.85%
779,工银理财·全球添益固收类(QDII)封闭式美元理财产品(24G8015A),4.85%
780,工银理财·全球添益固收类(QDII)封闭式美元理财产品(24G8016A),4.83%
781,工银理财·鑫享固收类封闭式理财产品(24G8017A),2.80%
782,工银理财·全球添益固收类(QDII)封闭式美元理财产品(24G8019A),5.24%
783,工银理财·全球添益固收类(QDII)封闭式美元理财产品(24G8020A),5.26%
784,工银理财·鑫享固收类封闭式净值型理财产品(24G8021A),2.69%
785,工银理财·鑫享固收类封闭式理财产品(24G8022A),2.42%
786,工银理财·全球添益固收类封闭式美元理财产品(24G8031A),5.40%
787,工银理财·稳益同业存单及存款固收类封闭式理财产品(24G8046A),2.60%
788,工银理财·稳益固收类(QDII)封闭理财产品(24G8052A),2.72%
789,工银理财·稳益固收类(QDII)封闭式净值型理财产品(24G8054A),2.29%
790,工银理财·稳益固收类(QDII)封闭式理财产品(24G8055A),2.10%
791,工银理财·全球添益固收类(QDII)封闭式美元理财产品(24G8061A),5.24%
792,工银理财·全球添益固收类(QDII)封闭式美元理财产品(24G8062A),5.25%
793,工银理财·全球添益固收类(QDII)封闭式美元理财产品(24G8063A),5.25%
794,工银理财·全球添益固收类(QDII)封闭式美元理财产品(24G8065A),5.08%
795,工银理财·全球添益固收类(QDII)封闭式美元理财产品(24G8066A),4.19%
796,工银理财·全球添益固收类(QDII)封闭式美元理财产品(24G8067A),4.23%
797,工银理财·全球添益固收类(QDII)封闭式美元理财产品(24G8069A),4.21%
798,工银理财·全球添益固收类(QDII)封闭式美元理财产品(24G8071A),4.86%
799,工银理财·全球添益固收类(QDII)封闭式美元理财产品(24G8072A),4.86%
800,工银理财·全球添益一带一路固收(QDII)封闭美元理财(24G8073A),5.42%
801,工银理财·全球添益固收类(QDII)封闭式美元理财产品(24G8075A),4.29%
802,工银理财·全球添益固收类(QDII)封闭式美元理财产品(24G8076A),4.29%
803,工银理财·全球添益固收类(QDII)封闭式美元理财产品(24G8077A),4.29%
804,工银理财·全球添益固收类(QDII)封闭式美元理财产品(24G8078A),4.27%
805,工银理财·全球添益固收类(QDII)封闭式美元理财产品(24G8079A),4.21%
806,工银理财·稳益同业存单存款固收类(QDII)封闭理财产品(24G8084A),2.27%
807,工银理财·稳益同业存单存款固收类(QDII)封闭理财产品(24G8086A),1.97%
808,工银理财·稳益同业存单存款固收类(QDII)封闭理财产品(24G8087A),2.11%
809,工银理财·鑫享固收类封闭式理财产品(24G8707A),2.22%
810,工银理财·全球添益固收类(QDII)封闭式美元理财产品(24G8723A),4.15%
811,工银理财·稳益同业存单存款固收类(QDII)封闭理财产品(24G8735A),1.96%
812,工银理财·稳益同业存单存款固收类(QDII)封闭理财产品(24GS8730),2.19%
813,工银理财·如意人生鑫悦优先股策略优选最短持有180天混合类个人,2.80%
814,工银理财·如意人生鑫悦优先股策略优选混合封闭式个人(24H6017G),2.78%
815,工银理财·鑫悦优先股策略优选混合类封闭理财产品(24H6021A),2.99%
816,工银理财·鑫悦优先股策略优选混合类封闭理财产品(24H6022A),2.34%
817,工银理财·鑫悦优先股策略优选混合类封闭理财产品(24H6023A),2.52%
818,工银理财·鑫悦优先股策略优选混合类封闭理财产品(24H6028A),2.96%
819,工银理财·鑫悦优先股策略优选混合类封闭理财产品（24H6029A）,3.57%
820,工银理财·鑫悦优先股策略优选混合类封闭理财产品(24H6030A),2.68%
821,工银理财·鑫悦优先股策略优选混合类封闭理财产品(24H6031A),2.36%
822,工银理财·鑫悦优先股策略优选混合类封闭理财产品(24H6033A),2.57%
823,工银理财·鑫悦优先股策略优选混合类封闭理财产品(24H6034A),2.37%
824,工银理财·鑫悦优先股策略优选混合类封闭理财产品(24H6035A),2.38%
825,工银理财·鑫悦优先股策略优选混合类封闭理财产品(24H6036A),2.45%
826,工银理财·鑫悦优先股策略优选混合类封闭理财产品(24H6037A),2.82%
827,工银理财·鑫悦优先股策略优选混合类封闭理财产品(24H6038A),2.41%
828,工银理财·鑫悦优先股策略优选混合类封闭理财产品(24H6039A),2.89%
829,工银理财·鑫悦优先股策略优选混合类封闭理财产品(24H6040A),2.62%
830,工银理财·鑫悦优先股策略优选混合类封闭理财产品(24H6043A),4.63%
831,工银理财·鑫悦优先股策略优选混合类封闭理财产品(24H6046A),2.41%
832,工银理财·鑫悦优先股策略优选混合类封闭理财产品(24H6047A),2.31%
833,工银理财·鑫悦优先股策略优选混合类封闭理财产品(24H6048A),2.52%
834,工银理财·鑫悦优先股策略优选混合类封闭理财产品(24H6049A),2.45%
835,工银理财·鑫悦优先股策略优选混合类封闭理财产品(24H6050A),2.39%
836,工银理财·鑫悦优先股策略优选混合类封闭理财产品(24H6053A),2.65%
837,工银理财·鑫悦优先股策略优选混合类封闭理财产品(24H6054A),4.02%
838,工银理财·鑫悦优先股策略优选混合类封闭理财产品(24H6055A),3.08%
839,工银理财·鑫悦优先股策略优选混合类封闭理财产品(24H6056A),2.70%
840,工银理财·如意人生鑫悦优先股策略优选混合封闭式个人(24H6056G),2.81%
841,工银理财·鑫悦优先股策略优选最短持有60天混合类开放理财产品,2.32%
842,工银理财·如意人生鑫悦优先股策略优选最短持有60天混合类个人,2.41%
843,工银理财·鑫悦优先股策略优选混合类封闭理财产品(24H6064A),3.18%
844,工银理财·鑫悦优先股策略优选混合类封闭理财产品(24H6065A),4.10%
845,工银理财·鑫悦优先股策略优选最短持有365天混合类开放理财产品,2.10%
846,工银理财·如意人生鑫悦优先股策略优选最短持有365天混合类个人,2.93%
847,工银理财·如意人生鑫悦优先股策略优选混合封闭式个人(24H6306G),5.83%
848,工银理财·鑫悦优先股策略优选最短持有90天混合类开放理财产品,2.58%
849,工银理财·鑫悦优先股策略优选最短持有180天混合类开放理财产品,2.72%
850,工银理财·颐享鑫悦优先股策略优选最短持有500天混合理财产品,2.80%
851,中邮理财邮鸿宝28号人民币理财产品,1.3200%
852,高盛工银理财·盛景存款存单封闭式固收理财产品36期(250128),1.59%
853,高盛工银理财·盛景存款存单封闭式固收理财产品37期(250129),1.50%
854,高盛工银理财·盛景存款存单封闭式固收理财产品38期(250130),1.60%
855,高盛工银理财·盛景存款存单封闭式固收理财产品39期(250131),1.70%
856,高盛工银理财·盛景存款存单封闭式固收理财产品40期(250132),1.70%
857,高盛工银理财·盛景封闭固收美元产品149期(250717),3.84%
858,高盛工银理财·盛景封闭固收美元产品150期(250718),3.83%
859,高盛工银理财·盛景封闭固收美元产品151期(250719),3.72%
860,高盛工银理财·盛景封闭固收美元产品152期(250720),3.67%
861,高盛工银理财·盛景封闭固收美元产品153期(250721),3.62%
862,高盛工银理财·盛景封闭固收美元产品162期(250731),3.61%
863,高盛工银理财·盛景封闭固收美元产品163期(250732),3.62%
864,高盛工银理财·盛景封闭固收美元产品164期(250733),3.62%
865,高盛工银理财·盛景封闭固收美元产品165期(250734),3.62%
866,高盛工银理财·盛景封闭固收美元产品166期(250735),3.58%
867,高盛工银理财·盛景封闭固收美元产品172期(250741),3.65%
868,高盛工银理财·盛景封闭固收美元产品173期(250742),3.61%
869,高盛工银理财·盛景封闭固收美元产品174期(250743),3.60%
870,高盛工银理财·盛景封闭固收美元产品175期(250744),3.55%
871,高盛工银理财·盛景封闭固收美元产品180期(250759),3.64%
872,高盛工银理财·盛景封闭固收美元产品181期(250760),3.64%
873,高盛工银理财·盛景封闭固收美元产品182期(250761),3.52%
874,高盛工银理财·盛景封闭固收美元产品183期(250762),3.57%
875,高盛工银理财·盛景封闭固收美元产品184期(250763),3.55%
876,高盛工银理财·盛景封闭固收美元产品190期(250769),3.52%
877,高盛工银理财·盛景封闭固收美元产品191期(250770),3.48%
878,高盛工银理财·盛景封闭固收美元产品192期(250771),3.2500%-3.5500%
879,高盛工银理财·盛景封闭固收美元产品193期(250772),3.3000%-3.6000%
880,高盛工银理财·盛景封闭固收美元产品195期(250774),3.3500%-3.6500%
881,高盛工银理财·盛景封闭固收美元产品142期(25708A),3.83%
882,高盛工银理财·盛景封闭固收美元产品143期(25709A),3.75%
883,高盛工银理财·盛景封闭固收美元产品144期(25710A),3.80%
884,高盛工银理财·盛景封闭固收美元产品145期(25711A),3.79%
885,高盛工银理财·盛景封闭固收美元产品146期(25712A),3.80%
886,高盛工银理财·盛景封闭固收美元产品147期(25713A),3.70%
887,高盛工银理财·盛景封闭固收美元产品155期(25723A),3.58%
888,高盛工银理财·盛景封闭固收美元产品156期(25724A),3.50%
889,高盛工银理财·盛景封闭固收美元产品157期(25725A),3.52%
890,高盛工银理财·盛景封闭固收美元产品167期(25736A),3.49%
891,高盛工银理财·盛景封闭固收美元产品168期(25737A),3.50%
892,高盛工银理财·盛景封闭固收美元产品169期(25738A),3.50%
893,高盛工银理财·盛景封闭固收美元产品170期(25739A),3.52%
894,高盛工银理财·盛景封闭固收美元产品171期(25740A),3.51%
895,高盛工银理财·盛景封闭固收美元产品176期(25745A),3.53%
896,高盛工银理财·盛景封闭固收美元产品177期(25746A),3.52%
897,高盛工银理财·盛景封闭固收美元产品178期(25747A),3.56%
898,高盛工银理财·盛景封闭固收美元产品179期(25748A),3.44%
899,高盛工银理财·盛景QDII封闭固收美元产品5期(25753A),3.52%
900,高盛工银理财·盛景QDII封闭固收美元产品6期(25754A),3.52%
901,高盛工银理财·盛景QDII封闭固收美元产品7期(25755A),3.53%
902,高盛工银理财·盛景封闭固收美元产品185期(25764A),3.52%
903,高盛工银理财·盛景封闭固收美元产品186期(25765A),3.52%
904,高盛工银理财·盛景封闭固收美元产品187期(25766A),3.45%
905,高盛工银理财·盛景封闭固收美元产品188期(25767A),3.32%
906,高盛工银理财·盛景封闭固收美元产品189期(25768A),3.2000%-3.5000%
907,高盛工银理财·盛景封闭固收美元产品194期(25773A),3.1500%-3.4500%
908,高盛工银理财·盛景封闭固收美元产品196期(25775A),3.1000%-3.4000%
909,中邮理财惠农·鸿运最短持有7天2号人民币理财产品,1.4000%-2.1000%
910,工银理财添利宝6号,1.3763%
911,工银理财添利宝36号,1.3436%
912,工银理财添利宝37号,1.6090%
913,工银理财添利宝38号,1.2859%
914,工银理财添利宝39号,1.3897%
915,工银理财添利宝40号,1.3555%
916,工银理财添利宝41号,1.2872%
917,工银理财添利宝42号,1.6845%
918,工银理财·恒鑫固收类封闭理财产品(浙江专享25G1111A),2.60%
919,工银理财·鑫得利固收类封闭式理财产品(安鑫款25G2011A),2.02%
920,工银理财·鑫得利固收类封闭理财产品(科创主题安鑫款25G2012A),1.88%
921,工银理财·鑫得利固收类封闭理财产品(绿色主题安鑫款25G2013A),1.85%
922,工银理财·鑫得利固收类封闭式理财产品(安鑫款25G2014A),1.93%
923,工银理财·鑫得利固收类封闭式理财产品(安鑫款25G2018A),1.88%
924,工银理财·鑫得利固收类封闭产品(绿色科创主题安鑫款25G2019A),1.62%
925,工银理财·鑫得利固收封闭理财产品(绿色科创主题安鑫款25G2023A),1.69%
926,工银理财·鑫得利固收封闭理财产品(公益主题安鑫款25G2024A),1.68%
927,工银理财·鑫添益最短持有期90天固收增强开放理财产品(浙江专享),1.11%
928,工银理财·鑫得利固收类封闭理财产品(25G2026A),2.11%
929,工银理财·鑫得利固收类封闭理财产品(25G2027A),2.62%
930,工银理财·鑫得利固收类封闭理财产品(25G2028A),2.01%
931,工银理财·鑫得利固收类封闭式理财产品(安鑫款25G2029A),1.73%
932,工银理财·如意人生鑫得利固收封闭个人产品(安鑫款25G2031G）,1.90%
933,工银理财·鑫得利固收类封闭理财产品(安鑫款25G2032A),1.65%
934,工银理财·鑫得利固收类封闭理财产品(25G2033A),1.95%
935,工银理财·鑫得利固收类封闭理财产品(安鑫款25G2034A),1.85%
936,工银理财·鑫得利固收类封闭理财产品(薪享系列安鑫款25G2034D),1.83%
937,工银理财·鑫得利固收类封闭理财产品(安鑫款25G2035A),1.75%
938,工银理财·如意人生鑫得利固收类封闭个人产品(安鑫款25G2035G),1.75%
939,工银理财·鑫得利固收类封闭理财产品(安鑫款25G2036A),1.89%
940,工银理财·鑫得利固收类封闭理财产品(安鑫款25G2037A),1.69%
941,工银理财·鑫得利固收类封闭理财产品(25G2039A),2.71%
942,工银理财·鑫得利固收类封闭理财产品(25G2041A),2.12%
943,工银理财·鑫得利固收类封闭理财产品(25G2043A),1.35%
944,工银理财·鑫得利固收类封闭理财产品(25G2044A),0.97%
945,工银理财·鑫得利固收类封闭理财产品(25G2045A),0.93%
946,工银理财·鑫得利固收类封闭理财产品(25G2046A),1.05%
947,工银理财·鑫得利固收类封闭理财产品(安鑫款25G2056A),1.69%
948,工银理财·鑫添益最短持有60天低波红利策略固收增强开放理财产品,2.05%
949,工银理财·鑫得利固收类封闭理财产品(安鑫款25G2061A),1.90%
950,工银理财·鑫得利固收类封闭理财产品(安鑫款25G2062A),2.10%
951,工银理财·鑫得利固收类封闭理财产品(安鑫款25G2065A),1.60%
952,工银理财·稳益固收类封闭式理财产品(25G2072A),1.46%
953,工银理财·稳益固收类封闭式理财产品(25G2073A),1.57%
954,工银理财·如意人生稳益固收类封闭个人理财产品(25G2073G),1.57%
955,工银理财·稳益固收类封闭式理财产品(25G2074A),1.56%
956,工银理财·如意人生稳益最短持有7天固收类开放个人产品1号,1.81%
957,工银理财·鑫得利固收类封闭理财产品(安鑫款25G2081A),1.66%
958,工银理财·鑫得利固收类封闭理财产品(安鑫款25G2082A),1.68%
959,工银理财·如意人生鑫得利固收封闭个人产品(安鑫款25G2082G),1.68%
960,工银理财·鑫得利固收类封闭理财产品(安鑫款25G2083A),1.52%
961,工银理财·鑫得利固收类封闭理财产品(安鑫款25G2084A),1.63%
962,工银理财·鑫得利固收类封闭理财产品(安鑫款25G2085A),1.76%
963,工银理财·如意人生鑫得利固收封闭个人产品(安鑫款25G2085G),1.76%
964,工银理财·鑫得利固收类封闭理财产品(安鑫款25G2087A),1.77%
965,工银理财·鑫稳利固收类6个月定期开放式理财产品6号,1.82%
966,工银理财·鑫得利固收类封闭理财产品长辈专属(福满系列25G2093A),1.74%
967,工银理财·月月鑫稳利ESG优选固收类开放理财产品1号,1.14%
968,工银理财·如意人生鑫添益纯债对冲策略最短持有14天固收开放个人,7.73%
969,工银理财·鑫得利固收类封闭理财产品(安鑫款25G2416A),1.67%
970,工银理财·如意人生鑫得利固收类封闭个人产品(安鑫款25G2416G),1.67%
971,工银理财·鑫得利固收类封闭理财产品(安鑫款25G2417A),1.48%
972,工银理财·稳益固收类封闭理财产品(25G2418A),1.67%
973,工银理财·稳益固收类封闭理财产品(25G2419A),1.63%
974,工银理财·如意人生稳益固收类封闭个人产品(25G2419G),1.63%
975,工银理财·稳益固收类封闭理财产品(25G2420A),1.68%
976,工银理财·稳益固收类封闭理财产品(25G2422A),1.70%
977,工银理财·稳益固收类封闭理财产品(25G2423A),1.63%
978,工银理财·如意人生稳益固收类封闭个人理财产品(25G2423G),1.63%
979,工银理财·如意人生稳益固收封闭个人（长辈专享25G2424G）,1.94%
980,工银理财·稳益固收类封闭理财产品(25G2425A),1.60%
981,工银理财·稳益固收类封闭式产品(县域专享幸福系列),1.3500%-1.5500%
982,工银理财·鑫得利固收封闭理财产品(公益主题安鑫款25G2427A),1.5000%
983,工银理财·鑫得利固收类封闭理财产品(25G2428A),1.8500%-2.0500%
984,工银理财·鑫得利固收类封闭理财产品(安鑫款25G2429A),1.5000%-1.7000%
985,工银理财·鑫得利固收类封闭理财产品(安鑫款25G2431A),1.5000%-1.7000%
986,工银理财·稳益固收类封闭理财产品(公益主题25G2436A),1.61%
987,工银理财·如意人生稳益固收封闭个人（长辈专享25G2438G）,1.71%
988,工银理财·稳益固收类封闭理财产品(25G2439A),1.3000%-1.5000%
989,工银理财·稳益固收类封闭理财产品(25G2441A),1.4000%-1.6000%
990,工银理财·鑫得利目标止盈策略固收类封闭理财产品(25G2460A),1.9000%-2.1000%
991,工银理财·鑫得利目标止盈策略固收类封闭理财产品(25G2461A),1.9500%-2.1500%
992,工银理财·鑫得利目标止盈策略固收类封闭理财产品(25G2469A),1.8500%-2.0500%
993,工银理财·稳益固收类封闭理财产品(25G2486A),1.4500%-1.6500%
994,工银理财·鑫添益最短持有30天ESG优选固收增强开放式理财产品,1.09%
995,工银理财·鑫得利固收类封闭理财产品(安鑫款25G2490A),6.67%
996,工银理财·如意人生鑫得利固收类封闭个人产品(安鑫款25G2490G),6.67%
997,工银理财·鑫添益纯债对冲策略最短持有30天固收开放(25G2668A),10.68%
998,工银理财·鑫得利纯债对冲策略固收类封闭理财产品(25G2715A),1.92%
999,工银理财·鑫得利纯债对冲策略固收类封闭理财产品(25G2716A),1.98%
1000,工银理财·鑫得利纯债对冲策略固收类封闭理财产品(25G2718A),2.20%
1001,工银理财·鑫得利纯债对冲策略固收类封闭理财产品(25G2719A),1.93%
1002,工银理财·鑫得利纯债对冲策略固收类封闭理财产品(25G2720A),1.63%
1003,工银理财·鑫得利目标止盈策略固收增强封闭理财产品(25G2724A),0.93%
1004,工银理财·鑫得利目标止盈策略固收增强封闭理财产品(25G2726A),2.60%
1005,工银理财·鑫稳利纯债对冲策略固收类3个月定期开放理财产品1号,1.59%
1006,工银理财·鑫得利目标止盈策略固收增强封闭理财产品(25G2742A),0.39%
1007,工银理财·鑫得利固收增强封闭式理财产品(25G2744A),2.15%
1008,工银理财·鑫得利固收增强封闭式理财产品(25G2746A),0.46%
1009,工银理财·鑫得利固收增强封闭式理财产品(25G2751A),1.42%
1010,工银理财·鑫得利目标止盈策略固收增强(绿色科创主题25G2754A),0.21%
1011,工银理财·天天鑫添益宏观对冲策略固收增强开放式理财产品,1.7000%-1.9000%
1012,工银理财·鑫得利目标止盈策略ESG优选固收增强封闭(25G2771A),2.1500%-2.3500%
1013,工银理财·鑫得利目标止盈策略ESG优选固收增强封闭(25G2772A),2.3000%-2.5000%
1014,工银理财·鑫得利固收类封闭理财产品(安鑫款25G2781A),1.52%
1015,工银理财·鑫得利固收类封闭理财产品(安鑫款25G2782A),1.70%
1016,工银理财·如意人生鑫得利固收封闭个人产品(安鑫款25G2782G),1.70%
1017,工银理财·鑫得利固收类封闭理财产品(安鑫款25G2783A),1.62%
1018,工银理财·鑫得利固收类封闭理财产品(安鑫款25G2784A),1.72%
1019,工银理财·如意人生鑫得利固收类封闭个人产品(安鑫款25G2784G),1.72%
1020,工银理财·鑫得利固收类封闭理财产品(25G2785A),1.05%
1021,工银理财·鑫得利固收类封闭理财产品(安鑫款25G2791A),1.64%
1022,工银理财·如意人生鑫得利固收类封闭个人产品(安鑫款25G2791G),1.64%
1023,工银理财·稳益固收类封闭式理财产品(25G2794A),1.47%
1024,工银理财·稳益固收类封闭式理财产品(25G2795A),1.48%
1025,工银理财·鑫稳利ESG优选固收类1年定期开放式理财产品2号,1.8500%-2.0500%
1026,工银理财·鑫稳利ESG优选固收类1年定期开放式理财产品1号,1.21%
1027,工银理财·稳益同业存单及存款固收类封闭式理财产品(25G3034A),1.96%
1028,工银理财·稳益同业存单及存款固收类封闭式理财产品(25G5003A),1.43%
1029,工银理财·如意人生天天鑫享固收增强开放个人理财产品(25G5008G),2.23%
1030,工银理财·核心优选固收封闭理财产品(安鑫款25G5011A),1.86%
1031,工银理财·核心优选固收封闭理财产品(安鑫款25G5012A),1.88%
1032,工银理财·核心优选固收封闭理财产品(绿色主题安鑫款25G5014A),1.96%
1033,工银理财·核心优选固收封闭理财产品(安鑫款25G5015A),2.06%
1034,工银理财·核心优选固收封闭理财产品(安鑫款25G5016A),2.07%
1035,工银理财·核心优选固收类封闭理财产品(安鑫款25G5019A),1.94%
1036,工银理财·核心优选固收类封闭理财产品(安鑫款25G5020A),1.84%
1037,工银理财·核心优选固收类封闭理财产品(安鑫款25G5021A),1.96%
1038,工银理财·核心优选固收类封闭理财产品(安鑫款25G5022A),1.91%
1039,工银理财·核心优选固收类封闭理财产品(安鑫款25G5023A),1.83%
1040,工银理财·核心优选固收类封闭理财产品(安鑫款25G5024A),1.90%
1041,工银理财·核心优选固收类封闭理财产品(公益主题安鑫款),1.92%
1042,工银理财·核心优选固收类封闭理财产品(安鑫款25G5026A),1.90%
1043,工银理财·核心优选固收类封闭理财产品(安鑫款25G5027A),1.85%
1044,工银理财·如意人生核心优选固收封闭个人产品(安鑫款25G5027G),1.85%
1045,工银理财·核心优选固收类封闭理财产品(安鑫款25G5028A),1.89%
1046,工银理财·核心优选固收类封闭理财产品(安鑫款25G5029A),1.88%
1047,工银理财·核心优选固收类封闭理财产品(安鑫款25G5030A),2.00%
1048,工银理财·核心优选最短持有270天固收类开放理财产品(25G5039A),2.27%
1049,工银理财·核心优选固收类封闭理财产品(公益主题安鑫款25G5041A),1.77%
1050,工银理财·稳益同业存单及存款固收类封闭理财产品(25G5053A),1.50%
1051,工银理财·稳益同业存单及存款固收类封闭理财产品(25G5056A),1.50%
1052,工银理财·如意人生稳益同业存单存款固收封闭个人产品(25G5056G),1.50%
1053,工银理财·稳益同业存单及存款固收类封闭理财产品(25G5057A),1.66%
1054,工银理财·如意人生稳益同业存单存款固收封闭个人产品(25G5057G),1.66%
1055,工银理财·稳益同业存单及存款固收类封闭理财产品(25G5058A),1.66%
1056,工银理财·稳益同业存单及存款固收类封闭理财产品(25G5059A),1.3000%-1.5000%
1057,工银理财·核心优选区间盈策略固收增强封闭理财产品(25G5062A),2.42%
1058,工银理财·核心优选最短持有60天固收类开放理财产品(25G5076A),1.22%
1059,工银理财·如意人生核心优选最短持有60天固收开放个人(25G5076G),1.22%
1060,工银理财·核心优选最短持有90天固收类开放理财产品(25G5079A),1.04%
1061,工银理财·如意人生核心优选最短持有90天固收开放个人(25G5079G),1.04%
1062,工银理财·核心优选最短持有90天固收增强开放产品(绿色科创主题),4.77%
1063,工银理财·稳益同业存单及存款固收封闭产品(公益主题25G5081A),1.4000%
1064,工银理财·核心优选固收类封闭理财产品(安鑫款25G5086A),1.89%
1065,工银理财·核心优选固收类封闭理财产品(安鑫款25G5087A),1.87%
1066,工银理财·如意人生核心优选固收封闭个人产品(安鑫款25G5088G),2.18%
1067,工银理财·核心优选固收类封闭理财产品(安鑫款25G5089A),1.93%
1068,工银理财·如意人生核心优选固收类封闭个人产品(安鑫款25G5089G),1.93%
1069,工银理财·核心优选固收类封闭理财产品(安鑫款25G5090A),1.5300%-1.7300%
1070,工银理财·核心优选最短持有365天固收增强开放产品绿色科创主题,4.49%
1071,工银理财·核心优选固收增强封闭理财产品(25G5115A),4.25%
1072,工银理财·核心优选目标止盈策略固收增强封闭理财产品(25G5701A),0.94%
1073,工银理财·核心优选目标止盈策略固收类封闭理财产品(25G5702A),1.29%
1074,工银理财·核心优选目标止盈策略固收增强封闭理财产品(25G5705A),6.11%
1075,工银理财·核心优选目标止盈策略固收增强封闭产品(25G5706A),2.2500%-2.4500%
1076,工银理财·核心优选目标止盈策略固收增强封闭理财产品(25G5707A),2.1500%-2.3500%
1077,工银理财·天天鑫稳益固收类开放理财产品(25G5710A),1.79%
1078,工银理财·核心优选ESG优选最短持有60天固收增强开放产品,1.6000%-1.8000%
1079,工银理财·核心优选目标止盈策略固收类封闭理财产品(25G5763A),1.9000%-2.1000%
1080,工银理财·天天鑫核心优选ESG优选固收类开放理财产品(25G5771A),3.16%
1081,工银理财·核心优选ESG优选最短持有7天固收类开放产品(25G5777A),1.5000%-1.7000%
1082,工银理财·天天鑫核心优选固收增强开放理财产品(25G5781A),1.6000%-1.8000%
1083,工银理财·鑫悦固收增强封闭式理财产品(25G6018A),2.03%
1084,工银理财·鑫悦固收增强封闭式理财产品(25G6019A),2.12%
1085,工银理财·鑫悦固收增强封闭理财产品(25G6036A),2.27%
1086,工银理财·鑫悦固收增强封闭理财产品(25G6037A),2.69%
1087,工银理财·如意人生鑫悦固收增强封闭个人产品(25G6037G),2.69%
1088,工银理财·鑫悦目标止盈策略固收增强封闭产品(科创主题25G6041A),1.81%
1089,工银理财·鑫悦目标止盈策略固收增强封闭产品(科创主题25G6042A),1.94%
1090,工银理财·鑫悦目标止盈策略固收增强封闭产品(25G6043A),1.79%
1091,工银理财·鑫悦最短持有90天固收增强开放理财产品(25G6046A),2.37%
1092,工银理财·鑫悦最短持有180天固收增强开放理财产品(25G6048A),2.28%
1093,工银理财·鑫悦最短持有360天固收增强开放理财产品(25G6049A),2.29%
1094,工银理财·鑫悦固收增强封闭理财产品(公益主题25G6052A),2.28%
1095,工银理财·鑫悦股债精选最短持有90天固收增强开放式理财产品,4.47%
1096,工银理财·鑫悦股债精选最短持有365天固收增强开放式理财产品,2.86%
1097,工银理财·天天鑫悦股债精选固收增强开放理财产品,2.26%
1098,工银理财·鑫悦股债精选最短持有180天固收增强开放式理财产品,1.47%
1099,工银理财·鑫悦固收增强封闭理财产品(公益主题25G6061A),1.5000%
1100,工银理财·鑫悦红利优选最短持有120天固收增强开放式理财产品,2.09%
1101,工银理财·鑫悦股债精选最短持有30天固收增强开放理财产品,3.18%
1102,工银理财·鑫悦中证1000看涨鲨鱼鳍策略固收封闭产品(25G6706A),2.12%
1103,工银理财·鑫悦中证1000看涨鲨鱼鳍策略固收封闭产品(25G6708A),1.21%
1104,工银理财·鑫悦ESG优选最短持有7天固收增强开放理财产品,2.95%
1105,工银理财·如意人生天天鑫稳益固收类开放式个人产品(25G6771G),1.60%
1106,工银理财·鑫悦最短持有30天固收增强开放产品(绿色科创主题),1.5000%-2.0000%
1107,工银理财·稳益同业存单存款固收类(QDII)封闭理财产品(25G8023A),2.46%
1108,工银理财·稳益同业存单存款固收类(QDII)封闭理财产品(25G8032A),1.89%
1109,工银理财·如意人生稳益同业存单存款固收(QDII)产品(25G8032G),1.89%
1110,工银理财·如意人生稳益存款存单固收(QDII)封闭个人(25G8034G),1.76%
1111,工银理财·稳益同业存单存款固收类(QDII)封闭产品(25G8036A),1.61%
1112,工银理财·如意人生稳益同业存单存款固收类(QDII)产品(25G8036G),1.61%
1113,工银理财·鑫享固收类封闭式理财产品(25G8052A),2.47%
1114,工银理财·鑫享固收类封闭理财产品(公益主题25G8054A),2.28%
1115,工银理财·鑫享固收类封闭式理财产品(25G8055A),2.34%
1116,工银理财·如意人生鑫和固收类(QDII)季开1号（长辈专享）,1.50%
1117,工银理财·稳益同业存单存款固收(QDII)产品(大湾区主题25G8702A),1.87%
1118,工银理财·如意人生稳益同业存单存款固收QDII大湾区主题25G8702G,1.87%
1119,工银理财·鑫悦优先股策略优选混合封闭产品(公益主题25H6001A),3.66%
1120,工银理财·鑫悦优先股策略优选混合类封闭理财产品(25H6002A),2.99%
1121,工银理财·如意人生鑫悦优先股策略优选混合类封闭产品(25H6002G),2.99%
1122,工银理财·鑫悦优先股策略优选混合类封闭理财产品(25H6003A),2.23%
1123,工银理财·如意人生鑫悦优先股策略优选混合类封闭产品(25H6003G),2.23%
1124,工银理财·鑫悦优先股策略优选混合类封闭理财产品(25H6004A),1.95%
1125,工银理财·如意人生鑫悦优先股策略优选混合类封闭产品(25H6004G),1.95%
1126,工银理财·鑫悦优先股策略优选混合类封闭理财产品(25H6006A),1.76%
1127,工银理财·如意人生鑫悦优先股策略优选混合类封闭个人(25H6006G),1.76%
1128,工银理财·鑫悦优先股策略优选混合类封闭理财产品(25H6020A),5.15%
1129,工银理财·鑫悦优先股策略优选混合类封闭理财产品(25H6021A),4.94%
1130,工银理财·鑫悦优先股策略优选混合类封闭理财产品(25H6022A),4.33%
1131,工银理财·鑫悦优先股策略优选混合类封闭理财产品(25H6050A),3.12%
1132,工银理财·如意人生鑫悦优先股策略优选混合封闭个人(25H6050G),3.12%
1133,工银理财·如意人生鑫悦优先股策略优选混合封闭式个人(25H6301G),2.34%
1134,工银理财·如意人生鑫悦优先股策略优选混合封闭式个人(25H6302G),2.47%
1135,工银理财·如意人生鑫悦优先股策略优选混合封闭(养老金专属1号）,1.81%
1136,工银理财·鑫悦优先股策略优选最短持有30天混合开放理财产品,2.91%
1137,中邮理财恒利·鸿运日开3号人民币理财产品,5.40%
1138,中邮理财恒利·鸿运封闭式2025年第106期人民币理财产品,2.08%
1139,中邮理财恒利·鸿运封闭式2025年第109期人民币理财产品,1.85%
1140,中邮理财恒利·鸿运封闭式2025年第173期人民币理财产品,1.5300%-1.8300%
1141,中邮理财惠农·鸿运封闭式2025年第24期人民币理财产品,1.5300%-1.9300%
1142,中邮理财灵活·鸿运最短持有7天33号人民币理财产品,4.98%
1143,中邮理财灵活·鸿运最短持有180天9号人民币理财产品,1.8000%-2.7000%
1144,中邮理财安鑫如意·鸿运封闭式2025年第21期人民币理财产品,2.08%
1145,招银理财招赢日日金115号现金管理类理财计划,1.4600%
1146,招银理财招赢开鑫宝现金管理类理财计划,0.9400%
1147,招银理财招赢天天鑫现金管理类理财计划,0.9500%
1148,招银理财招赢日日金1号现金管理类理财计划,1.2200%
1149,招银理财招赢日日金3号现金管理类理财计划,1.1900%
1150,招银理财招赢日日金18号现金管理类理财计划,1.1900%
1151,兴银理财稳利安盈2023年16期,2.66%
1152,兴银理财稳利安盈封闭式2023年17期,2.86%
1153,兴银理财稳利安盈封闭式2023年18期,2.72%
1154,兴银理财稳利安盈封闭式2023年19期,2.87%
1155,兴银理财稳利安盈封闭式2023年20期,2.84%
1156,兴银理财稳利安盈封闭式2023年41期,2.69%
1157,兴银理财稳利安盈封闭式2023年42期,2.67%
1158,兴银理财稳利安盈封闭式2023年215期,2.66%
1159,兴银理财稳利安盈封闭式2023年216期,2.64%
1160,兴银理财稳利安盈封闭式2023年217期,2.70%
1161,兴银理财稳利安盈封闭式218期,2.66%
1162,兴银理财稳利安盈封闭式219期,2.76%
1163,兴银理财稳利安盈封闭式223期,2.78%
1164,兴银理财稳利安盈封闭式225期,2.73%
1165,兴银理财稳利安盈封闭式226期,2.71%
1166,兴银理财稳利安盈封闭式227期,2.65%
1167,兴银理财稳利安盈封闭式2024年210期,2.29%
1168,兴银理财稳利安盈封闭式212期,2.08%
1169,兴银理财稳利安盈封闭式213期,2.07%
1170,兴银理财稳利安盈封闭式2024年351期,2.21%
1171,兴银理财稳利安盈封闭式352期,2.13%
1172,兴银理财稳利安盈封闭式2025年25期,2.08%
1173,兴银理财稳利安盈封闭式2025年26期,2.03%
1174,兴银理财稳利安盈2025年43期,1.66%
1175,兴银理财稳利安盈封闭式2025年44期,1.6000%
1176,兴银理财稳利安盈2025年45期,1.5000%
1177,兴银理财稳利安盈2025年48期,1.6000%
1178,兴银日日新1号（工行）,1.2316%
1179,兴银日日新2号B,1.1344%
1180,兴银理财丰利悦动9个月持有日开1号（工行）,2.73%
1181,兴银理财丰利兴动多策略封闭式19号（工行）,0.05%
1182,兴银稳添利周盈9号（工行）,2.02%
1183,兴银稳添利月盈1号G,2.21%
1184,兴银理财稳添利季盈增利2号（工行）,2.19%
1185,兴银稳添利陆盈1号D,2.15%
1186,兴银稳添利陆盈1号E（财富赢尊享）,2.30%
1187,兴银稳添利双周盈1号（工行）,2.23%
1188,兴银稳添利日盈1号（工行）,1.72%
1189,兴银稳添利日盈96号,2.49%
1190,兴银理财稳利恒盈13个月封闭式4期,3.82%
1191,兴银理财-稳利封闭2022年18期,3.40%
1192,兴银理财-稳利封闭2022年19期,3.37%
1193,兴银理财-稳利封闭2022年25期,3.10%
1194,兴银理财-稳利封闭2022年41期,3.09%
1195,兴银理财稳利封闭2022年42期,2.91%
1196,兴银理财稳利封闭2022年43期-纯盈款,2.90%
1197,兴银理财稳利封闭43期-纯盈款（财富赢尊享）,3.06%
1198,兴银理财稳利封闭2022年45期,3.41%
1199,兴银理财-稳利封闭2022年46期,7.17%
1200,兴银理财-稳利封闭2022年51期,3.05%
1201,兴银理财-稳利封闭2022年52期,3.45%
1202,兴银理财-稳利封闭2022年56期,6.81%
1203,兴银理财稳利封闭2022年57期,3.31%
1204,兴银理财稳利封闭2023年1期-纯盈款,2.87%
1205,兴银理财稳利封闭2023年2期（纯盈款）,3.07%
1206,兴银理财稳利封闭2023年3期-纯盈款,3.05%
1207,兴银理财稳利封闭2023年6期-纯盈款,3.13%
1208,兴银理财稳利封闭2023年19期（纯盈款）,3.01%
1209,信银理财多彩象信颐分红三年封闭31号,5.80%
1210,安盈象强债稳健一年封闭式1号,4.42%
1211,安盈象强债稳健一年封闭式1号（财富赢尊享）,4.51%
1212,多彩象固收增强一年封闭式1号,4.12%
1213,多彩象固收增强一年封闭1号（财富赢尊享）,4.28%
1214,信银理财全盈象固收稳健十个月封闭式1号,3.23%
1215,信银理财安盈象固收稳健七个月封闭式7号,3.80%
1216,安盈象固收稳健两年封闭式9号（浙江专属）,2.90%
1217,多彩象协作固收稳健一年封闭2号,2.45%
1218,多彩象协作固收稳健一年封闭2号（财富赢尊享）,2.49%
1219,信银理财多彩象协作固收稳健一年封闭式1号,3.62%
1220,多彩象协作固收稳健一年封闭1号（财富赢尊享）,3.78%
1221,信银理财安盈象固收稳健十个月封闭式12号,3.35%
1222,同盈象固收稳健半年定开46号,2.94%
1223,信银理财安盈象固收稳健七天持有期7号,2.19%
1224,信银理财安盈象固收稳健日开6号,2.19%
1225,信银安盈象固收稳健三个月周期型3号（新客专属）,5.30%
1226,信银理财慧盈象固收增强一年封闭式4号,3.56%
1227,信银理财安盈象固收稳健六个月封闭式23号,3.15%
1228,信银理财安盈象固收稳健封闭式25号,2.87%
1229,信银理财安盈象协作固收稳健10个月封闭式3号,4.14%
1230,安盈象协作固收稳健封闭式3号（财富赢尊享）,4.29%
1231,信银理财安盈象固收稳健封闭式105号理财产品,3.51%
1232,信银安盈象固收稳健七个月封闭110号,3.65%
1233,信银理财安盈象协作固收稳健六个月封闭5号,3.41%
1234,信银理财安盈象协作固收稳健封闭式7号,2.93%
1235,安盈象协作固收稳健封闭式7号（财富赢尊享）,3.09%
1236,信银理财安盈象协作固收稳健封闭式8号,2.35%
1237,安盈象协作固收稳健封闭式8号（财富赢尊享）,2.50%
1238,信银理财安盈象协作固收稳健封闭式2号,3.16%
1239,安盈象协作固收稳健封闭式2号（财富赢尊享）,3.31%
1240,安盈象固收稳利一个月持有期2号,2.29%
1241,信银理财慧盈象固收增强一年持有期12号,2.83%
1242,慧盈象固收增强六个月持有期8号（浙江）,2.67%
1243,信银安盈象固收稳健封闭式166号,3.33%
1244,信银安盈象固收稳益封闭式150号,1.5500%-1.8500%
1245,信银安盈象固收稳健三个月持有期80号,7.35%
1246,信银安盈象固收稳健封闭式245号（分红款）,2.0500%-2.6000%
1247,信银理财日盈象天天利15号,1.0746%
1248,信银理财日盈象天天利33号,1.2808%
1249,民生理财富竹固收天天2号（BE31002A）,2.71%
1250,民生理财富竹固收天天14号（个金）,1.0000%-2.0000%
1251,民生理财富竹固收7天持有期2号理财产品（BE32102A）,2.64%
1252,民生理财富竹固收14天持有期5号理财产品（BE32205A）,3.60%
1253,民生理财富竹固收30天持有期3号理财产品（BE32303A）,4.75%
1254,民生理财贵竹固收增利双周盈14天持有期16号理财产品（个金）,1.2000%-2.2000%
1255,民生理财贵竹固收增利月月盈30天持有期10号理财产品（BE41310A）,3.19%
1256,民生理财贵竹固收增利双月盈60天持有期3号理财产品（BE41403A）,2.40%
1257,民生理财富竹纯债91天持有期11号理财产品（BE61014A）,4.34%
1258,民生理财天天增利现金管理48号理财产品（BF19052A）,1.1015%
1259,民生理财富竹固收封闭57号理财产品（个金）（BG98057A）,0.99%
1260,民生理财富竹固收封闭81号理财产品（个金）（BG98081A）,2.08%
1261,民生理财富竹固收封闭82号理财产品（个金）（BG98082A）,1.9000%-2.1000%
1262,民生理财富竹固收封闭106号理财产品（个金）（BG98106A）,1.9500%-2.1500%
1263,工银理财·工银财富系列工银量化理财-恒盛配置CFLH01,7.74%
1264,中银理财-稳富（14天持有期）宁享版2号,2.44%
1265,中银理财-稳富（30天持有期）宁享版3号,2.68%
1266,中银理财-稳富（60天持有期）02,2.44%
1267,工银理财·鑫添益系列纯债对冲型（每周开放）个人理财产品,3.37%
1268,工银理财·天天鑫添益纯债债券型个人理财产品,3.40%
1269,工银理财·天天鑫添益短债债券型个人理财产品,2.83%
1270,光大理财阳光金天天盈3号D,2.05%
1271,光大理财阳光金增利稳健乐享天天购（30天最低持有）D,2.58%
1272,光大理财阳光金增利稳健乐享天天购2号（90天最低持有）D,2.82%
1273,光大理财阳光碧乐活91号D,1.3018%
1274,光大理财阳光金增利稳健乐享日开18号D,4.58%
1275,光大理财阳光金安心计划-存单存款策略94期（封闭式）D,1.57%
1276,光大理财阳光金增利稳健乐享天天购19号（7天最低持有）D,7.76%
1277,光大理财阳光金安心计划-存单存款策略日开2号（60天最低持有）D,3.31%
1278,光大理财阳光金安心计划-存单存款策略106期（封闭式）D,2.18%
1279,光大理财阳光金增利稳健乐享天天购15号（180天最低持有）D,1.6000%-2.1000%
1280,光大理财阳光金安心计划-存单存款策略139期（封闭式）D,1.6000%-1.9000%
1281,光大理财阳光金安心计划-存单存款策略140期（封闭式）D,1.6000%-1.9000%
1282,光大理财阳光金丰利123期D,3.27%
1283,中银理财“稳富”固收增强（封闭式）2022年46期,5.45%
1284,中银理财稳裕封闭式1号,2.82%
1285,中银理财“稳富”固收增强（封闭式）2022年131期,3.15%
1286,中银理财“稳富”固收增强（封闭式）2022年132期,4.51%
1287,中银理财“稳富”固收增强（封闭式）2022年133期,4.49%
1288,中银理财-稳富（双月开）007,2.48%
1289,中银理财稳富固收双月开2号,2.47%
1290,中银理财-稳富（7天持有期）02,2.50%
1291,中银理财-稳富（90天持有期）02,2.85%
1292,中银理财-稳富(90天持有期)11,3.16%
1293,工银理财·“鑫得利”固定收益类理财产品（2018年第32期）,3.88%
1294,工银理财·“鑫得利”量化策略联动固定收益类1年定开理财产品,3.12%
1295,工银理财·鑫添益固收增强型(季开)个人理财产品(2019年第1期),3.33%
1296,工银理财·鑫添益固收增强型（每周开放）个人理财产品,2.96%
1297,工银理财·鑫稳利宏观策略固收增强型理财产品（2019年第1期）,3.50%
1298,工银理财·“全鑫权益”量化股债轮动策略指数挂钩型理财产品,10.22%
1299,工银理财·“全鑫权益”鑫尊利6个月定期开放理财产品2019年第1期,18.16%
1300,工银理财·“全鑫权益”鑫尊利每周定期开放理财产品201902,19.03%
1301,工银理财·“全鑫权益”两权其美系列开放净值型,20.87%
1302,工银理财·“全鑫权益”鑫尊利科技创新优选定期开放2019年第3期,20.74%
1303,工银理财·“全鑫权益”鑫尊利科技创新优选定期开放理财产品,31.88%
1304,工银理财·“全鑫权益”鑫尊利科技创新优选定期开放2019年第2期,14.69%
1305,中银理财-惠享天天,1.1398%
1306,江苏工行专享第1期苏银理财恒源封闭纯债94期,2.90%
1307,苏银理财恒源封闭纯债99期（工行专享）,2.73%
1308,苏银理财恒源封闭纯债100期（工行专享）,2.95%
1309,苏银理财恒源最短持有7天（工行专享）,2.20%
1310,苏银理财恒源封闭纯债102期（工行专享）,2.7000%-3.0000%
1311,苏银理财恒源封闭纯债128期（工行专享）,2.36%
1312,苏银理财恒源封闭纯债129期（工行专享）,2.30%
1313,苏银理财恒源封闭纯债131期（工行专享）,3.19%
1314,苏银理财启源现金9号（工行专享）,1.4300%
1315,苏银理财恒源灵动最短持有30天4号（工行专享）,3.23%
1316,苏银理财恒源封闭纯债160期（工行专享）,1.9000%-2.3000%
1317,平安理财灵活成长（存单及存款）固收类7天持有,1.83%
1318,浦银理财天添利现金宝212号A,1.1800%
1319,浦银理财季季鑫封闭式218号A,2.31%
1320,浦银理财季季鑫封闭式221号A,2.20%
1321,浦银理财季季鑫封闭式222号A,2.09%
1322,浦银理财季季鑫封闭式223号A,2.07%
1323,浦银理财季季鑫封闭式224号A,2.25%
1324,浦银理财季季鑫封闭式225号A,1.98%
1325,浦银理财季季鑫封闭式340号A,1.8000%-2.0000%
1326,浦银理财季季鑫封闭式341号A,1.8500%-2.0500%
1327,浦银理财月月鑫最短持有期73号A,5.08%
1328,浦银理财天添鑫122号A,3.77%
1329,浦银理财半年鑫最短持有期56号A,3.38%
1330,平安理财启元策略日开一年持有2号A,3.32%
1331,工银理财·全球稳健系列开放净值型理财产品,5.29%
1332,平安理财启元添利日开1号,1.98%
1333,平安理财启元添利90天持有3号A,2.09%
1334,平安理财启元稳利日开28号A,3.88%
1335,平安理财启元稳利30天持有2号,2.08%
1336,平安理财天天成长3号33期（TC3X133B）,1.2005%
1337,中银理财-天天增益,2.10%
1338,中银理财-稳富（封闭式）2022年24期,3.10%
1339,中银理财“稳富”固收增强（封闭式）2022年156期,2.85%
1340,中银理财“稳富”固收增强（封闭式）2022年177期,2.52%
1341,中银理财-稳富（封闭式）2023年07期,3.05%
1342,中银理财-稳富（封闭式）2023年11期,3.03%
1343,中银理财-稳富（封闭式）2023年12期,3.12%
1344,中银理财-稳富（封闭式）2023年14期,3.39%
1345,中银理财-稳富（封闭式）2023年15期,2.66%
1346,中银理财-稳富（封闭式）2023年16期,3.61%
1347,中银理财-稳富（封闭式）2023年17期,2.89%
1348,中银理财-稳富（封闭式）2023年18期,3.05%
1349,中银理财-稳富（封闭式）2023年149期,3.26%
1350,中银理财-稳富（封闭式）2023年150期,2.80%
1351,中银理财-稳富（封闭式）2024年07期,2.99%
1352,中银理财-稳富（封闭式）2024年08期,6.33%
1353,中银理财-稳富（封闭式）2024年09期,9.69%
1354,中银理财-稳富（封闭式）2024年15期,10.96%
1355,中银理财-稳富（封闭式）2024年66期,2.92%
1356,中银理财-稳富（封闭式）2024年275期,3.23%
1357,中银理财-稳富封闭式2025年121期,2.78%
1358,中银理财-稳富封闭式2025年132期,2.14%
1359,中银理财稳富固收双月开3号,2.52%
1360,中银理财-“稳富”固收增强（封闭式）2023年32期,3.21%
1361,中银理财“稳富”固收增强（封闭式）2023年66期,3.11%
1362,中银理财-稳富增强（180天持有期）05,7.34%
1363,平安理财稳健精选封闭第27期,2.96%
1364,平安理财稳健精选封闭第74期,3.17%
1365,平安理财稳健精选封闭第36期,3.90%
1366,平安理财稳健精选封闭第80期,3.18%
1367,平安理财稳健精选（存盈）封闭第16期A,1.73%
1368,平安理财稳健精选（存盈）封闭第17期A,1.82%
1369,平安理财稳健精选（存盈）封闭第18期A,1.72%
1370,平安理财稳健精选（存盈）封闭第19期A,1.46%
1371,工银理财·鑫稳利-联动系列个人6个月定期开放理财产品第1期,4.41%
1372,工银理财“添利宝”净值型理财产品(XLT1801),1.1458%
1373,工银理财·月月鑫稳利个人开放式理财产品（第1期）,3.20%
1374,工银理财·鑫稳利个人3个月定期开放理财产品（第1期）,3.48%
1375,工银理财·智合多资产A款1期,5.44%
1376,工银理财·智合多资产A款2期,4.83%
1377,工银理财·智合多资产A款4期,4.69%
1378,工银理财·“全鑫权益”鑫尊利每周定期开放理财产品,16.77%
1379,中银理财-悦享天添（工行专享）,2.40%
1380,中银理财-悦享天添（工行专享）03,3.22%
1381,平安理财卓越稳健日开180天持有2号A,2.99%
1382,工银理财·恒睿睿益固收类封闭式产品（21GS6147）,2.64%
1383,工银理财·“鑫得利”量化策略封闭净值型理财产品2019年第6期,4.28%
